"","Sex","Mechanism","Measure","variable","value"
"19","Males","Poisons (excl. gas)","Number","1907","57"
"20","Males","Gas","Number","1907",". ."
"21","Males","Firearms","Number","1907","129"
"22","Males","Hanging","Number","1907","71"
"23","Males","Other mechanisms","Number","1907",". ."
"24","Males","All mechanisms","Number","1907","385"
"25","Females","Poisons (excl. gas)","Number","1907","32"
"26","Females","Gas","Number","1907",". ."
"27","Females","Firearms","Number","1907","3"
"28","Females","Hanging","Number","1907","12"
"29","Females","Other mechanisms","Number","1907",". ."
"30","Females","All mechanisms","Number","1907","76"
"70","Males","Poisons (excl. gas)","Number","1908","88"
"71","Males","Gas","Number","1908",". ."
"72","Males","Firearms","Number","1908","146"
"73","Males","Hanging","Number","1908","68"
"74","Males","Other mechanisms","Number","1908",". ."
"75","Males","All mechanisms","Number","1908","413"
"76","Females","Poisons (excl. gas)","Number","1908","35"
"77","Females","Gas","Number","1908",". ."
"78","Females","Firearms","Number","1908","7"
"79","Females","Hanging","Number","1908","15"
"80","Females","Other mechanisms","Number","1908",". ."
"81","Females","All mechanisms","Number","1908","84"
"121","Males","Poisons (excl. gas)","Number","1909","70"
"122","Males","Gas","Number","1909",". ."
"123","Males","Firearms","Number","1909","138"
"124","Males","Hanging","Number","1909","67"
"125","Males","Other mechanisms","Number","1909",". ."
"126","Males","All mechanisms","Number","1909","398"
"127","Females","Poisons (excl. gas)","Number","1909","54"
"128","Females","Gas","Number","1909",". ."
"129","Females","Firearms","Number","1909","6"
"130","Females","Hanging","Number","1909","9"
"131","Females","Other mechanisms","Number","1909",". ."
"132","Females","All mechanisms","Number","1909","97"
"172","Males","Poisons (excl. gas)","Number","1910","79"
"173","Males","Gas","Number","1910",". ."
"174","Males","Firearms","Number","1910","134"
"175","Males","Hanging","Number","1910","72"
"176","Males","Other mechanisms","Number","1910",". ."
"177","Males","All mechanisms","Number","1910","432"
"178","Females","Poisons (excl. gas)","Number","1910","34"
"179","Females","Gas","Number","1910",". ."
"180","Females","Firearms","Number","1910","6"
"181","Females","Hanging","Number","1910","10"
"182","Females","Other mechanisms","Number","1910",". ."
"183","Females","All mechanisms","Number","1910","84"
"223","Males","Poisons (excl. gas)","Number","1911","93"
"224","Males","Gas","Number","1911",". ."
"225","Males","Firearms","Number","1911","133"
"226","Males","Hanging","Number","1911","69"
"227","Males","Other mechanisms","Number","1911",". ."
"228","Males","All mechanisms","Number","1911","446"
"229","Females","Poisons (excl. gas)","Number","1911","52"
"230","Females","Gas","Number","1911",". ."
"231","Females","Firearms","Number","1911","9"
"232","Females","Hanging","Number","1911","10"
"233","Females","Other mechanisms","Number","1911",". ."
"234","Females","All mechanisms","Number","1911","98"
"274","Males","Poisons (excl. gas)","Number","1912","128"
"275","Males","Gas","Number","1912",". ."
"276","Males","Firearms","Number","1912","168"
"277","Males","Hanging","Number","1912","79"
"278","Males","Other mechanisms","Number","1912",". ."
"279","Males","All mechanisms","Number","1912","514"
"280","Females","Poisons (excl. gas)","Number","1912","70"
"281","Females","Gas","Number","1912",". ."
"282","Females","Firearms","Number","1912","10"
"283","Females","Hanging","Number","1912","12"
"284","Females","Other mechanisms","Number","1912",". ."
"285","Females","All mechanisms","Number","1912","118"
"325","Males","Poisons (excl. gas)","Number","1913","127"
"326","Males","Gas","Number","1913",". ."
"327","Males","Firearms","Number","1913","163"
"328","Males","Hanging","Number","1913","79"
"329","Males","Other mechanisms","Number","1913",". ."
"330","Males","All mechanisms","Number","1913","516"
"331","Females","Poisons (excl. gas)","Number","1913","76"
"332","Females","Gas","Number","1913",". ."
"333","Females","Firearms","Number","1913","9"
"334","Females","Hanging","Number","1913","22"
"335","Females","Other mechanisms","Number","1913",". ."
"336","Females","All mechanisms","Number","1913","131"
"376","Males","Poisons (excl. gas)","Number","1914","121"
"377","Males","Gas","Number","1914",". ."
"378","Males","Firearms","Number","1914","201"
"379","Males","Hanging","Number","1914","72"
"380","Males","Other mechanisms","Number","1914",". ."
"381","Males","All mechanisms","Number","1914","534"
"382","Females","Poisons (excl. gas)","Number","1914","61"
"383","Females","Gas","Number","1914",". ."
"384","Females","Firearms","Number","1914","4"
"385","Females","Hanging","Number","1914","15"
"386","Females","Other mechanisms","Number","1914",". ."
"387","Females","All mechanisms","Number","1914","109"
"427","Males","Poisons (excl. gas)","Number","1915","105"
"428","Males","Gas","Number","1915",". ."
"429","Males","Firearms","Number","1915","196"
"430","Males","Hanging","Number","1915","84"
"431","Males","Other mechanisms","Number","1915",". ."
"432","Males","All mechanisms","Number","1915","537"
"433","Females","Poisons (excl. gas)","Number","1915","64"
"434","Females","Gas","Number","1915",". ."
"435","Females","Firearms","Number","1915","5"
"436","Females","Hanging","Number","1915","18"
"437","Females","Other mechanisms","Number","1915",". ."
"438","Females","All mechanisms","Number","1915","122"
"478","Males","Poisons (excl. gas)","Number","1916","77"
"479","Males","Gas","Number","1916",". ."
"480","Males","Firearms","Number","1916","175"
"481","Males","Hanging","Number","1916","74"
"482","Males","Other mechanisms","Number","1916",". ."
"483","Males","All mechanisms","Number","1916","466"
"484","Females","Poisons (excl. gas)","Number","1916","52"
"485","Females","Gas","Number","1916",". ."
"486","Females","Firearms","Number","1916","8"
"487","Females","Hanging","Number","1916","11"
"488","Females","Other mechanisms","Number","1916",". ."
"489","Females","All mechanisms","Number","1916","111"
"529","Males","Poisons (excl. gas)","Number","1917","79"
"530","Males","Gas","Number","1917",". ."
"531","Males","Firearms","Number","1917","144"
"532","Males","Hanging","Number","1917","48"
"533","Males","Other mechanisms","Number","1917",". ."
"534","Males","All mechanisms","Number","1917","408"
"535","Females","Poisons (excl. gas)","Number","1917","45"
"536","Females","Gas","Number","1917",". ."
"537","Females","Firearms","Number","1917","7"
"538","Females","Hanging","Number","1917","13"
"539","Females","Other mechanisms","Number","1917",". ."
"540","Females","All mechanisms","Number","1917","94"
"580","Males","Poisons (excl. gas)","Number","1918","57"
"581","Males","Gas","Number","1918",". ."
"582","Males","Firearms","Number","1918","154"
"583","Males","Hanging","Number","1918","56"
"584","Males","Other mechanisms","Number","1918",". ."
"585","Males","All mechanisms","Number","1918","408"
"586","Females","Poisons (excl. gas)","Number","1918","31"
"587","Females","Gas","Number","1918",". ."
"588","Females","Firearms","Number","1918","11"
"589","Females","Hanging","Number","1918","16"
"590","Females","Other mechanisms","Number","1918",". ."
"591","Females","All mechanisms","Number","1918","90"
"631","Males","Poisons (excl. gas)","Number","1919","86"
"632","Males","Gas","Number","1919",". ."
"633","Males","Firearms","Number","1919","148"
"634","Males","Hanging","Number","1919","60"
"635","Males","Other mechanisms","Number","1919",". ."
"636","Males","All mechanisms","Number","1919","440"
"637","Females","Poisons (excl. gas)","Number","1919","47"
"638","Females","Gas","Number","1919",". ."
"639","Females","Firearms","Number","1919","7"
"640","Females","Hanging","Number","1919","15"
"641","Females","Other mechanisms","Number","1919",". ."
"642","Females","All mechanisms","Number","1919","106"
"682","Males","Poisons (excl. gas)","Number","1920","93"
"683","Males","Gas","Number","1920",". ."
"684","Males","Firearms","Number","1920","191"
"685","Males","Hanging","Number","1920","64"
"686","Males","Other mechanisms","Number","1920",". ."
"687","Males","All mechanisms","Number","1920","516"
"688","Females","Poisons (excl. gas)","Number","1920","55"
"689","Females","Gas","Number","1920",". ."
"690","Females","Firearms","Number","1920","7"
"691","Females","Hanging","Number","1920","25"
"692","Females","Other mechanisms","Number","1920",". ."
"693","Females","All mechanisms","Number","1920","120"
"733","Males","Poisons (excl. gas)","Number","1921","95"
"734","Males","Gas","Number","1921",". ."
"735","Males","Firearms","Number","1921","168"
"736","Males","Hanging","Number","1921","68"
"737","Males","Other mechanisms","Number","1921",". ."
"738","Males","All mechanisms","Number","1921","510"
"739","Females","Poisons (excl. gas)","Number","1921","54"
"740","Females","Gas","Number","1921",". ."
"741","Females","Firearms","Number","1921","8"
"742","Females","Hanging","Number","1921","13"
"743","Females","Other mechanisms","Number","1921",". ."
"744","Females","All mechanisms","Number","1921","111"
"784","Males","Poisons (excl. gas)","Number","1922","91"
"785","Males","Gas","Number","1922","n.p."
"786","Males","Firearms","Number","1922","119"
"787","Males","Hanging","Number","1922","70"
"788","Males","Other mechanisms","Number","1922",". ."
"789","Males","All mechanisms","Number","1922","441"
"790","Females","Poisons (excl. gas)","Number","1922","44"
"791","Females","Gas","Number","1922","0"
"792","Females","Firearms","Number","1922","3"
"793","Females","Hanging","Number","1922","9"
"794","Females","Other mechanisms","Number","1922",". ."
"795","Females","All mechanisms","Number","1922","92"
"835","Males","Poisons (excl. gas)","Number","1923","115"
"836","Males","Gas","Number","1923","6"
"837","Males","Firearms","Number","1923","141"
"838","Males","Hanging","Number","1923","75"
"839","Males","Other mechanisms","Number","1923",". ."
"840","Males","All mechanisms","Number","1923","492"
"841","Females","Poisons (excl. gas)","Number","1923","43"
"842","Females","Gas","Number","1923","8"
"843","Females","Firearms","Number","1923","7"
"844","Females","Hanging","Number","1923","10"
"845","Females","Other mechanisms","Number","1923",". ."
"846","Females","All mechanisms","Number","1923","107"
"886","Males","Poisons (excl. gas)","Number","1924","104"
"887","Males","Gas","Number","1924","7"
"888","Males","Firearms","Number","1924","167"
"889","Males","Hanging","Number","1924","80"
"890","Males","Other mechanisms","Number","1924",". ."
"891","Males","All mechanisms","Number","1924","534"
"892","Females","Poisons (excl. gas)","Number","1924","44"
"893","Females","Gas","Number","1924","5"
"894","Females","Firearms","Number","1924","12"
"895","Females","Hanging","Number","1924","21"
"896","Females","Other mechanisms","Number","1924",". ."
"897","Females","All mechanisms","Number","1924","119"
"937","Males","Poisons (excl. gas)","Number","1925","114"
"938","Males","Gas","Number","1925","10"
"939","Males","Firearms","Number","1925","169"
"940","Males","Hanging","Number","1925","86"
"941","Males","Other mechanisms","Number","1925",". ."
"942","Males","All mechanisms","Number","1925","569"
"943","Females","Poisons (excl. gas)","Number","1925","57"
"944","Females","Gas","Number","1925","4"
"945","Females","Firearms","Number","1925","5"
"946","Females","Hanging","Number","1925","19"
"947","Females","Other mechanisms","Number","1925",". ."
"948","Females","All mechanisms","Number","1925","131"
"988","Males","Poisons (excl. gas)","Number","1926","129"
"989","Males","Gas","Number","1926","14"
"990","Males","Firearms","Number","1926","172"
"991","Males","Hanging","Number","1926","81"
"992","Males","Other mechanisms","Number","1926",". ."
"993","Males","All mechanisms","Number","1926","583"
"994","Females","Poisons (excl. gas)","Number","1926","44"
"995","Females","Gas","Number","1926","6"
"996","Females","Firearms","Number","1926","5"
"997","Females","Hanging","Number","1926","26"
"998","Females","Other mechanisms","Number","1926",". ."
"999","Females","All mechanisms","Number","1926","128"
"1039","Males","Poisons (excl. gas)","Number","1927","141"
"1040","Males","Gas","Number","1927","13"
"1041","Males","Firearms","Number","1927","189"
"1042","Males","Hanging","Number","1927","92"
"1043","Males","Other mechanisms","Number","1927",". ."
"1044","Males","All mechanisms","Number","1927","598"
"1045","Females","Poisons (excl. gas)","Number","1927","71"
"1046","Females","Gas","Number","1927","3"
"1047","Females","Firearms","Number","1927","11"
"1048","Females","Hanging","Number","1927","23"
"1049","Females","Other mechanisms","Number","1927",". ."
"1050","Females","All mechanisms","Number","1927","142"
"1090","Males","Poisons (excl. gas)","Number","1928","160"
"1091","Males","Gas","Number","1928","25"
"1092","Males","Firearms","Number","1928","181"
"1093","Males","Hanging","Number","1928","99"
"1094","Males","Other mechanisms","Number","1928",". ."
"1095","Males","All mechanisms","Number","1928","635"
"1096","Females","Poisons (excl. gas)","Number","1928","61"
"1097","Females","Gas","Number","1928","12"
"1098","Females","Firearms","Number","1928","7"
"1099","Females","Hanging","Number","1928","25"
"1100","Females","Other mechanisms","Number","1928",". ."
"1101","Females","All mechanisms","Number","1928","142"
"1141","Males","Poisons (excl. gas)","Number","1929","152"
"1142","Males","Gas","Number","1929","23"
"1143","Males","Firearms","Number","1929","203"
"1144","Males","Hanging","Number","1929","93"
"1145","Males","Other mechanisms","Number","1929",". ."
"1146","Males","All mechanisms","Number","1929","644"
"1147","Females","Poisons (excl. gas)","Number","1929","62"
"1148","Females","Gas","Number","1929","14"
"1149","Females","Firearms","Number","1929","7"
"1150","Females","Hanging","Number","1929","18"
"1151","Females","Other mechanisms","Number","1929",". ."
"1152","Females","All mechanisms","Number","1929","141"
"1192","Males","Poisons (excl. gas)","Number","1930","197"
"1193","Males","Gas","Number","1930","49"
"1194","Males","Firearms","Number","1930","239"
"1195","Males","Hanging","Number","1930","99"
"1196","Males","Other mechanisms","Number","1930",". ."
"1197","Males","All mechanisms","Number","1930","791"
"1198","Females","Poisons (excl. gas)","Number","1930","73"
"1199","Females","Gas","Number","1930","9"
"1200","Females","Firearms","Number","1930","7"
"1201","Females","Hanging","Number","1930","16"
"1202","Females","Other mechanisms","Number","1930",". ."
"1203","Females","All mechanisms","Number","1930","152"
"1243","Males","Poisons (excl. gas)","Number","1931","148"
"1244","Males","Gas","Number","1931","39"
"1245","Males","Firearms","Number","1931","231"
"1246","Males","Hanging","Number","1931","94"
"1247","Males","Other mechanisms","Number","1931",". ."
"1248","Males","All mechanisms","Number","1931","689"
"1249","Females","Poisons (excl. gas)","Number","1931","42"
"1250","Females","Gas","Number","1931","14"
"1251","Females","Firearms","Number","1931","16"
"1252","Females","Hanging","Number","1931","13"
"1253","Females","Other mechanisms","Number","1931",". ."
"1254","Females","All mechanisms","Number","1931","138"
"1294","Males","Poisons (excl. gas)","Number","1932","127"
"1295","Males","Gas","Number","1932","31"
"1296","Males","Firearms","Number","1932","169"
"1297","Males","Hanging","Number","1932","83"
"1298","Males","Other mechanisms","Number","1932",". ."
"1299","Males","All mechanisms","Number","1932","598"
"1300","Females","Poisons (excl. gas)","Number","1932","70"
"1301","Females","Gas","Number","1932","24"
"1302","Females","Firearms","Number","1932","5"
"1303","Females","Hanging","Number","1932","15"
"1304","Females","Other mechanisms","Number","1932",". ."
"1305","Females","All mechanisms","Number","1932","156"
"1345","Males","Poisons (excl. gas)","Number","1933","129"
"1346","Males","Gas","Number","1933","40"
"1347","Males","Firearms","Number","1933","196"
"1348","Males","Hanging","Number","1933","87"
"1349","Males","Other mechanisms","Number","1933",". ."
"1350","Males","All mechanisms","Number","1933","633"
"1351","Females","Poisons (excl. gas)","Number","1933","72"
"1352","Females","Gas","Number","1933","18"
"1353","Females","Firearms","Number","1933","9"
"1354","Females","Hanging","Number","1933","16"
"1355","Females","Other mechanisms","Number","1933",". ."
"1356","Females","All mechanisms","Number","1933","157"
"1396","Males","Poisons (excl. gas)","Number","1934","144"
"1397","Males","Gas","Number","1934","41"
"1398","Males","Firearms","Number","1934","202"
"1399","Males","Hanging","Number","1934","73"
"1400","Males","Other mechanisms","Number","1934",". ."
"1401","Males","All mechanisms","Number","1934","643"
"1402","Females","Poisons (excl. gas)","Number","1934","68"
"1403","Females","Gas","Number","1934","29"
"1404","Females","Firearms","Number","1934","12"
"1405","Females","Hanging","Number","1934","18"
"1406","Females","Other mechanisms","Number","1934",". ."
"1407","Females","All mechanisms","Number","1934","183"
"1447","Males","Poisons (excl. gas)","Number","1935","147"
"1448","Males","Gas","Number","1935","44"
"1449","Males","Firearms","Number","1935","197"
"1450","Males","Hanging","Number","1935","81"
"1451","Males","Other mechanisms","Number","1935",". ."
"1452","Males","All mechanisms","Number","1935","612"
"1453","Females","Poisons (excl. gas)","Number","1935","82"
"1454","Females","Gas","Number","1935","13"
"1455","Females","Firearms","Number","1935","12"
"1456","Females","Hanging","Number","1935","23"
"1457","Females","Other mechanisms","Number","1935",". ."
"1458","Females","All mechanisms","Number","1935","179"
"1498","Males","Poisons (excl. gas)","Number","1936","118"
"1499","Males","Gas","Number","1936","43"
"1500","Males","Firearms","Number","1936","226"
"1501","Males","Hanging","Number","1936","75"
"1502","Males","Other mechanisms","Number","1936",". ."
"1503","Males","All mechanisms","Number","1936","611"
"1504","Females","Poisons (excl. gas)","Number","1936","75"
"1505","Females","Gas","Number","1936","35"
"1506","Females","Firearms","Number","1936","9"
"1507","Females","Hanging","Number","1936","14"
"1508","Females","Other mechanisms","Number","1936",". ."
"1509","Females","All mechanisms","Number","1936","178"
"1549","Males","Poisons (excl. gas)","Number","1937","112"
"1550","Males","Gas","Number","1937","45"
"1551","Males","Firearms","Number","1937","190"
"1552","Males","Hanging","Number","1937","62"
"1553","Males","Other mechanisms","Number","1937",". ."
"1554","Males","All mechanisms","Number","1937","573"
"1555","Females","Poisons (excl. gas)","Number","1937","54"
"1556","Females","Gas","Number","1937","23"
"1557","Females","Firearms","Number","1937","14"
"1558","Females","Hanging","Number","1937","14"
"1559","Females","Other mechanisms","Number","1937",". ."
"1560","Females","All mechanisms","Number","1937","148"
"1600","Males","Poisons (excl. gas)","Number","1938","103"
"1601","Males","Gas","Number","1938","38"
"1602","Males","Firearms","Number","1938","207"
"1603","Males","Hanging","Number","1938","72"
"1604","Males","Other mechanisms","Number","1938",". ."
"1605","Males","All mechanisms","Number","1938","574"
"1606","Females","Poisons (excl. gas)","Number","1938","67"
"1607","Females","Gas","Number","1938","17"
"1608","Females","Firearms","Number","1938","15"
"1609","Females","Hanging","Number","1938","24"
"1610","Females","Other mechanisms","Number","1938",". ."
"1611","Females","All mechanisms","Number","1938","169"
"1651","Males","Poisons (excl. gas)","Number","1939","118"
"1652","Males","Gas","Number","1939","51"
"1653","Males","Firearms","Number","1939","187"
"1654","Males","Hanging","Number","1939","108"
"1655","Males","Other mechanisms","Number","1939",". ."
"1656","Males","All mechanisms","Number","1939","602"
"1657","Females","Poisons (excl. gas)","Number","1939","70"
"1658","Females","Gas","Number","1939","32"
"1659","Females","Firearms","Number","1939","10"
"1660","Females","Hanging","Number","1939","23"
"1661","Females","Other mechanisms","Number","1939",". ."
"1662","Females","All mechanisms","Number","1939","179"
"1702","Males","Poisons (excl. gas)","Number","1940","112"
"1703","Males","Gas","Number","1940","36"
"1704","Males","Firearms","Number","1940","216"
"1705","Males","Hanging","Number","1940","81"
"1706","Males","Other mechanisms","Number","1940",". ."
"1707","Males","All mechanisms","Number","1940","568"
"1708","Females","Poisons (excl. gas)","Number","1940","62"
"1709","Females","Gas","Number","1940","35"
"1710","Females","Firearms","Number","1940","13"
"1711","Females","Hanging","Number","1940","19"
"1712","Females","Other mechanisms","Number","1940",". ."
"1713","Females","All mechanisms","Number","1940","175"
"1753","Males","Poisons (excl. gas)","Number","1941","75"
"1754","Males","Gas","Number","1941","54"
"1755","Males","Firearms","Number","1941","149"
"1756","Males","Hanging","Number","1941","60"
"1757","Males","Other mechanisms","Number","1941",". ."
"1758","Males","All mechanisms","Number","1941","463"
"1759","Females","Poisons (excl. gas)","Number","1941","62"
"1760","Females","Gas","Number","1941","20"
"1761","Females","Firearms","Number","1941","10"
"1762","Females","Hanging","Number","1941","24"
"1763","Females","Other mechanisms","Number","1941",". ."
"1764","Females","All mechanisms","Number","1941","161"
"1804","Males","Poisons (excl. gas)","Number","1942","57"
"1805","Males","Gas","Number","1942","45"
"1806","Males","Firearms","Number","1942","134"
"1807","Males","Hanging","Number","1942","71"
"1808","Males","Other mechanisms","Number","1942",". ."
"1809","Males","All mechanisms","Number","1942","432"
"1810","Females","Poisons (excl. gas)","Number","1942","60"
"1811","Females","Gas","Number","1942","25"
"1812","Females","Firearms","Number","1942","12"
"1813","Females","Hanging","Number","1942","22"
"1814","Females","Other mechanisms","Number","1942",". ."
"1815","Females","All mechanisms","Number","1942","162"
"1855","Males","Poisons (excl. gas)","Number","1943","52"
"1856","Males","Gas","Number","1943","37"
"1857","Males","Firearms","Number","1943","106"
"1858","Males","Hanging","Number","1943","71"
"1859","Males","Other mechanisms","Number","1943",". ."
"1860","Males","All mechanisms","Number","1943","376"
"1861","Females","Poisons (excl. gas)","Number","1943","41"
"1862","Females","Gas","Number","1943","23"
"1863","Females","Firearms","Number","1943","13"
"1864","Females","Hanging","Number","1943","27"
"1865","Females","Other mechanisms","Number","1943",". ."
"1866","Females","All mechanisms","Number","1943","140"
"1906","Males","Poisons (excl. gas)","Number","1944","51"
"1907","Males","Gas","Number","1944","42"
"1908","Males","Firearms","Number","1944","105"
"1909","Males","Hanging","Number","1944","72"
"1910","Males","Other mechanisms","Number","1944",". ."
"1911","Males","All mechanisms","Number","1944","362"
"1912","Females","Poisons (excl. gas)","Number","1944","53"
"1913","Females","Gas","Number","1944","48"
"1914","Females","Firearms","Number","1944","14"
"1915","Females","Hanging","Number","1944","20"
"1916","Females","Other mechanisms","Number","1944",". ."
"1917","Females","All mechanisms","Number","1944","178"
"1957","Males","Poisons (excl. gas)","Number","1945","69"
"1958","Males","Gas","Number","1945","37"
"1959","Males","Firearms","Number","1945","112"
"1960","Males","Hanging","Number","1945","71"
"1961","Males","Other mechanisms","Number","1945",". ."
"1962","Males","All mechanisms","Number","1945","394"
"1963","Females","Poisons (excl. gas)","Number","1945","60"
"1964","Females","Gas","Number","1945","23"
"1965","Females","Firearms","Number","1945","11"
"1966","Females","Hanging","Number","1945","20"
"1967","Females","Other mechanisms","Number","1945",". ."
"1968","Females","All mechanisms","Number","1945","173"
"2008","Males","Poisons (excl. gas)","Number","1946","90"
"2009","Males","Gas","Number","1946","42"
"2010","Males","Firearms","Number","1946","160"
"2011","Males","Hanging","Number","1946","86"
"2012","Males","Other mechanisms","Number","1946",". ."
"2013","Males","All mechanisms","Number","1946","513"
"2014","Females","Poisons (excl. gas)","Number","1946","70"
"2015","Females","Gas","Number","1946","42"
"2016","Females","Firearms","Number","1946","14"
"2017","Females","Hanging","Number","1946","28"
"2018","Females","Other mechanisms","Number","1946",". ."
"2019","Females","All mechanisms","Number","1946","219"
"2059","Males","Poisons (excl. gas)","Number","1947","72"
"2060","Males","Gas","Number","1947","35"
"2061","Males","Firearms","Number","1947","177"
"2062","Males","Hanging","Number","1947","111"
"2063","Males","Other mechanisms","Number","1947",". ."
"2064","Males","All mechanisms","Number","1947","546"
"2065","Females","Poisons (excl. gas)","Number","1947","70"
"2066","Females","Gas","Number","1947","34"
"2067","Females","Firearms","Number","1947","12"
"2068","Females","Hanging","Number","1947","27"
"2069","Females","Other mechanisms","Number","1947",". ."
"2070","Females","All mechanisms","Number","1947","200"
"2110","Males","Poisons (excl. gas)","Number","1948","99"
"2111","Males","Gas","Number","1948","62"
"2112","Males","Firearms","Number","1948","165"
"2113","Males","Hanging","Number","1948","131"
"2114","Males","Other mechanisms","Number","1948",". ."
"2115","Males","All mechanisms","Number","1948","578"
"2116","Females","Poisons (excl. gas)","Number","1948","61"
"2117","Females","Gas","Number","1948","29"
"2118","Females","Firearms","Number","1948","9"
"2119","Females","Hanging","Number","1948","19"
"2120","Females","Other mechanisms","Number","1948",". ."
"2121","Females","All mechanisms","Number","1948","159"
"2161","Males","Poisons (excl. gas)","Number","1949","98"
"2162","Males","Gas","Number","1949","59"
"2163","Males","Firearms","Number","1949","199"
"2164","Males","Hanging","Number","1949","107"
"2165","Males","Other mechanisms","Number","1949",". ."
"2166","Males","All mechanisms","Number","1949","599"
"2167","Females","Poisons (excl. gas)","Number","1949","57"
"2168","Females","Gas","Number","1949","27"
"2169","Females","Firearms","Number","1949","11"
"2170","Females","Hanging","Number","1949","31"
"2171","Females","Other mechanisms","Number","1949",". ."
"2172","Females","All mechanisms","Number","1949","174"
"2212","Males","Poisons (excl. gas)","Number","1950","101"
"2213","Males","Gas","Number","1950","53"
"2214","Males","Firearms","Number","1950","176"
"2215","Males","Hanging","Number","1950","126"
"2216","Males","Other mechanisms","Number","1950",". ."
"2217","Males","All mechanisms","Number","1950","567"
"2218","Females","Poisons (excl. gas)","Number","1950","61"
"2219","Females","Gas","Number","1950","42"
"2220","Females","Firearms","Number","1950","12"
"2221","Females","Hanging","Number","1950","28"
"2222","Females","Other mechanisms","Number","1950",". ."
"2223","Females","All mechanisms","Number","1950","193"
"2263","Males","Poisons (excl. gas)","Number","1951","96"
"2264","Males","Gas","Number","1951","58"
"2265","Males","Firearms","Number","1951","200"
"2266","Males","Hanging","Number","1951","118"
"2267","Males","Other mechanisms","Number","1951",". ."
"2268","Males","All mechanisms","Number","1951","608"
"2269","Females","Poisons (excl. gas)","Number","1951","56"
"2270","Females","Gas","Number","1951","36"
"2271","Females","Firearms","Number","1951","19"
"2272","Females","Hanging","Number","1951","28"
"2273","Females","Other mechanisms","Number","1951",". ."
"2274","Females","All mechanisms","Number","1951","197"
"2314","Males","Poisons (excl. gas)","Number","1952","104"
"2315","Males","Gas","Number","1952","82"
"2316","Males","Firearms","Number","1952","242"
"2317","Males","Hanging","Number","1952","125"
"2318","Males","Other mechanisms","Number","1952",". ."
"2319","Males","All mechanisms","Number","1952","694"
"2320","Females","Poisons (excl. gas)","Number","1952","77"
"2321","Females","Gas","Number","1952","37"
"2322","Females","Firearms","Number","1952","21"
"2323","Females","Hanging","Number","1952","32"
"2324","Females","Other mechanisms","Number","1952",". ."
"2325","Females","All mechanisms","Number","1952","225"
"2365","Males","Poisons (excl. gas)","Number","1953","119"
"2366","Males","Gas","Number","1953","78"
"2367","Males","Firearms","Number","1953","227"
"2368","Males","Hanging","Number","1953","128"
"2369","Males","Other mechanisms","Number","1953",". ."
"2370","Males","All mechanisms","Number","1953","698"
"2371","Females","Poisons (excl. gas)","Number","1953","88"
"2372","Females","Gas","Number","1953","55"
"2373","Females","Firearms","Number","1953","19"
"2374","Females","Hanging","Number","1953","43"
"2375","Females","Other mechanisms","Number","1953",". ."
"2376","Females","All mechanisms","Number","1953","261"
"2416","Males","Poisons (excl. gas)","Number","1954","103"
"2417","Males","Gas","Number","1954","87"
"2418","Males","Firearms","Number","1954","265"
"2419","Males","Hanging","Number","1954","141"
"2420","Males","Other mechanisms","Number","1954",". ."
"2421","Males","All mechanisms","Number","1954","724"
"2422","Females","Poisons (excl. gas)","Number","1954","71"
"2423","Females","Gas","Number","1954","64"
"2424","Females","Firearms","Number","1954","25"
"2425","Females","Hanging","Number","1954","37"
"2426","Females","Other mechanisms","Number","1954",". ."
"2427","Females","All mechanisms","Number","1954","245"
"2467","Males","Poisons (excl. gas)","Number","1955","89"
"2468","Males","Gas","Number","1955","109"
"2469","Males","Firearms","Number","1955","253"
"2470","Males","Hanging","Number","1955","137"
"2471","Males","Other mechanisms","Number","1955",". ."
"2472","Males","All mechanisms","Number","1955","701"
"2473","Females","Poisons (excl. gas)","Number","1955","68"
"2474","Females","Gas","Number","1955","62"
"2475","Females","Firearms","Number","1955","19"
"2476","Females","Hanging","Number","1955","47"
"2477","Females","Other mechanisms","Number","1955",". ."
"2478","Females","All mechanisms","Number","1955","245"
"2518","Males","Poisons (excl. gas)","Number","1956","126"
"2519","Males","Gas","Number","1956","132"
"2520","Males","Firearms","Number","1956","258"
"2521","Males","Hanging","Number","1956","114"
"2522","Males","Other mechanisms","Number","1956",". ."
"2523","Males","All mechanisms","Number","1956","751"
"2524","Females","Poisons (excl. gas)","Number","1956","95"
"2525","Females","Gas","Number","1956","69"
"2526","Females","Firearms","Number","1956","20"
"2527","Females","Hanging","Number","1956","31"
"2528","Females","Other mechanisms","Number","1956",". ."
"2529","Females","All mechanisms","Number","1956","270"
"2569","Males","Poisons (excl. gas)","Number","1957","154"
"2570","Males","Gas","Number","1957","101"
"2571","Males","Firearms","Number","1957","298"
"2572","Males","Hanging","Number","1957","178"
"2573","Males","Other mechanisms","Number","1957",". ."
"2574","Males","All mechanisms","Number","1957","844"
"2575","Females","Poisons (excl. gas)","Number","1957","125"
"2576","Females","Gas","Number","1957","74"
"2577","Females","Firearms","Number","1957","18"
"2578","Females","Hanging","Number","1957","47"
"2579","Females","Other mechanisms","Number","1957",". ."
"2580","Females","All mechanisms","Number","1957","326"
"2620","Males","Poisons (excl. gas)","Number","1958","159"
"2621","Males","Gas","Number","1958","142"
"2622","Males","Firearms","Number","1958","319"
"2623","Males","Hanging","Number","1958","168"
"2624","Males","Other mechanisms","Number","1958",". ."
"2625","Males","All mechanisms","Number","1958","910"
"2626","Females","Poisons (excl. gas)","Number","1958","115"
"2627","Females","Gas","Number","1958","66"
"2628","Females","Firearms","Number","1958","18"
"2629","Females","Hanging","Number","1958","39"
"2630","Females","Other mechanisms","Number","1958",". ."
"2631","Females","All mechanisms","Number","1958","297"
"2671","Males","Poisons (excl. gas)","Number","1959","153"
"2672","Males","Gas","Number","1959","110"
"2673","Males","Firearms","Number","1959","297"
"2674","Males","Hanging","Number","1959","144"
"2675","Males","Other mechanisms","Number","1959",". ."
"2676","Males","All mechanisms","Number","1959","827"
"2677","Females","Poisons (excl. gas)","Number","1959","130"
"2678","Females","Gas","Number","1959","62"
"2679","Females","Firearms","Number","1959","12"
"2680","Females","Hanging","Number","1959","32"
"2681","Females","Other mechanisms","Number","1959",". ."
"2682","Females","All mechanisms","Number","1959","288"
"2722","Males","Poisons (excl. gas)","Number","1960","154"
"2723","Males","Gas","Number","1960","130"
"2724","Males","Firearms","Number","1960","266"
"2725","Males","Hanging","Number","1960","123"
"2726","Males","Other mechanisms","Number","1960",". ."
"2727","Males","All mechanisms","Number","1960","778"
"2728","Females","Poisons (excl. gas)","Number","1960","148"
"2729","Females","Gas","Number","1960","71"
"2730","Females","Firearms","Number","1960","17"
"2731","Females","Hanging","Number","1960","29"
"2732","Females","Other mechanisms","Number","1960",". ."
"2733","Females","All mechanisms","Number","1960","314"
"2773","Males","Poisons (excl. gas)","Number","1961","200"
"2774","Males","Gas","Number","1961","162"
"2775","Males","Firearms","Number","1961","289"
"2776","Males","Hanging","Number","1961","145"
"2777","Males","Other mechanisms","Number","1961",". ."
"2778","Males","All mechanisms","Number","1961","901"
"2779","Females","Poisons (excl. gas)","Number","1961","175"
"2780","Females","Gas","Number","1961","85"
"2781","Females","Firearms","Number","1961","18"
"2782","Females","Hanging","Number","1961","22"
"2783","Females","Other mechanisms","Number","1961",". ."
"2784","Females","All mechanisms","Number","1961","348"
"2824","Males","Poisons (excl. gas)","Number","1962","261"
"2825","Males","Gas","Number","1962","186"
"2826","Males","Firearms","Number","1962","315"
"2827","Males","Hanging","Number","1962","158"
"2828","Males","Other mechanisms","Number","1962",". ."
"2829","Males","All mechanisms","Number","1962","1011"
"2830","Females","Poisons (excl. gas)","Number","1962","248"
"2831","Females","Gas","Number","1962","83"
"2832","Females","Firearms","Number","1962","26"
"2833","Females","Hanging","Number","1962","32"
"2834","Females","Other mechanisms","Number","1962",". ."
"2835","Females","All mechanisms","Number","1962","458"
"2875","Males","Poisons (excl. gas)","Number","1963","384"
"2876","Males","Gas","Number","1963","225"
"2877","Males","Firearms","Number","1963","312"
"2878","Males","Hanging","Number","1963","117"
"2879","Males","Other mechanisms","Number","1963",". ."
"2880","Males","All mechanisms","Number","1963","1143"
"2881","Females","Poisons (excl. gas)","Number","1963","340"
"2882","Females","Gas","Number","1963","98"
"2883","Females","Firearms","Number","1963","24"
"2884","Females","Hanging","Number","1963","40"
"2885","Females","Other mechanisms","Number","1963",". ."
"2886","Females","All mechanisms","Number","1963","575"
"2926","Males","Poisons (excl. gas)","Number","1964","312"
"2927","Males","Gas","Number","1964","181"
"2928","Males","Firearms","Number","1964","321"
"2929","Males","Hanging","Number","1964","142"
"2930","Males","Other mechanisms","Number","1964","115"
"2931","Males","All mechanisms","Number","1964","1071"
"2932","Females","Poisons (excl. gas)","Number","1964","371"
"2933","Females","Gas","Number","1964","68"
"2934","Females","Firearms","Number","1964","24"
"2935","Females","Hanging","Number","1964","30"
"2936","Females","Other mechanisms","Number","1964","56"
"2937","Females","All mechanisms","Number","1964","549"
"2977","Males","Poisons (excl. gas)","Number","1965","354"
"2978","Males","Gas","Number","1965","155"
"2979","Males","Firearms","Number","1965","304"
"2980","Males","Hanging","Number","1965","137"
"2981","Males","Other mechanisms","Number","1965","125"
"2982","Males","All mechanisms","Number","1965","1075"
"2983","Females","Poisons (excl. gas)","Number","1965","405"
"2984","Females","Gas","Number","1965","84"
"2985","Females","Firearms","Number","1965","27"
"2986","Females","Hanging","Number","1965","36"
"2987","Females","Other mechanisms","Number","1965","58"
"2988","Females","All mechanisms","Number","1965","610"
"3028","Males","Poisons (excl. gas)","Number","1966","328"
"3029","Males","Gas","Number","1966","146"
"3030","Males","Firearms","Number","1966","311"
"3031","Males","Hanging","Number","1966","131"
"3032","Males","Other mechanisms","Number","1966","101"
"3033","Males","All mechanisms","Number","1966","1017"
"3034","Females","Poisons (excl. gas)","Number","1966","407"
"3035","Females","Gas","Number","1966","84"
"3036","Females","Firearms","Number","1966","29"
"3037","Females","Hanging","Number","1966","36"
"3038","Females","Other mechanisms","Number","1966","51"
"3039","Females","All mechanisms","Number","1966","607"
"3079","Males","Poisons (excl. gas)","Number","1967","370"
"3080","Males","Gas","Number","1967","193"
"3081","Males","Firearms","Number","1967","329"
"3082","Males","Hanging","Number","1967","120"
"3083","Males","Other mechanisms","Number","1967","113"
"3084","Males","All mechanisms","Number","1967","1125"
"3085","Females","Poisons (excl. gas)","Number","1967","425"
"3086","Females","Gas","Number","1967","71"
"3087","Females","Firearms","Number","1967","28"
"3088","Females","Hanging","Number","1967","38"
"3089","Females","Other mechanisms","Number","1967","91"
"3090","Females","All mechanisms","Number","1967","653"
"3130","Males","Poisons (excl. gas)","Number","1968","301"
"3131","Males","Gas","Number","1968","167"
"3132","Males","Firearms","Number","1968","329"
"3133","Males","Hanging","Number","1968","127"
"3134","Males","Other mechanisms","Number","1968","98"
"3135","Males","All mechanisms","Number","1968","1022"
"3136","Females","Poisons (excl. gas)","Number","1968","325"
"3137","Females","Gas","Number","1968","62"
"3138","Females","Firearms","Number","1968","24"
"3139","Females","Hanging","Number","1968","26"
"3140","Females","Other mechanisms","Number","1968","68"
"3141","Females","All mechanisms","Number","1968","505"
"3181","Males","Poisons (excl. gas)","Number","1969","314"
"3182","Males","Gas","Number","1969","179"
"3183","Males","Firearms","Number","1969","303"
"3184","Males","Hanging","Number","1969","123"
"3185","Males","Other mechanisms","Number","1969","106"
"3186","Males","All mechanisms","Number","1969","1025"
"3187","Females","Poisons (excl. gas)","Number","1969","303"
"3188","Females","Gas","Number","1969","59"
"3189","Females","Firearms","Number","1969","27"
"3190","Females","Hanging","Number","1969","25"
"3191","Females","Other mechanisms","Number","1969","63"
"3192","Females","All mechanisms","Number","1969","477"
"3232","Males","Poisons (excl. gas)","Number","1970","297"
"3233","Males","Gas","Number","1970","161"
"3234","Males","Firearms","Number","1970","376"
"3235","Males","Hanging","Number","1970","133"
"3236","Males","Other mechanisms","Number","1970","109"
"3237","Males","All mechanisms","Number","1970","1076"
"3238","Females","Poisons (excl. gas)","Number","1970","282"
"3239","Females","Gas","Number","1970","57"
"3240","Females","Firearms","Number","1970","24"
"3241","Females","Hanging","Number","1970","40"
"3242","Females","Other mechanisms","Number","1970","72"
"3243","Females","All mechanisms","Number","1970","475"
"3283","Males","Poisons (excl. gas)","Number","1971","315"
"3284","Males","Gas","Number","1971","172"
"3285","Males","Firearms","Number","1971","374"
"3286","Males","Hanging","Number","1971","156"
"3287","Males","Other mechanisms","Number","1971","133"
"3288","Males","All mechanisms","Number","1971","1150"
"3289","Females","Poisons (excl. gas)","Number","1971","390"
"3290","Females","Gas","Number","1971","37"
"3291","Females","Firearms","Number","1971","28"
"3292","Females","Hanging","Number","1971","48"
"3293","Females","Other mechanisms","Number","1971","85"
"3294","Females","All mechanisms","Number","1971","588"
"3334","Males","Poisons (excl. gas)","Number","1972","279"
"3335","Males","Gas","Number","1972","204"
"3336","Males","Firearms","Number","1972","354"
"3337","Males","Hanging","Number","1972","148"
"3338","Males","Other mechanisms","Number","1972","100"
"3339","Males","All mechanisms","Number","1972","1085"
"3340","Females","Poisons (excl. gas)","Number","1972","374"
"3341","Females","Gas","Number","1972","37"
"3342","Females","Firearms","Number","1972","27"
"3343","Females","Hanging","Number","1972","37"
"3344","Females","Other mechanisms","Number","1972","65"
"3345","Females","All mechanisms","Number","1972","540"
"3385","Males","Poisons (excl. gas)","Number","1973","239"
"3386","Males","Gas","Number","1973","175"
"3387","Males","Firearms","Number","1973","376"
"3388","Males","Hanging","Number","1973","129"
"3389","Males","Other mechanisms","Number","1973","117"
"3390","Males","All mechanisms","Number","1973","1036"
"3391","Females","Poisons (excl. gas)","Number","1973","307"
"3392","Females","Gas","Number","1973","32"
"3393","Females","Firearms","Number","1973","31"
"3394","Females","Hanging","Number","1973","37"
"3395","Females","Other mechanisms","Number","1973","85"
"3396","Females","All mechanisms","Number","1973","492"
"3436","Males","Poisons (excl. gas)","Number","1974","230"
"3437","Males","Gas","Number","1974","172"
"3438","Males","Firearms","Number","1974","386"
"3439","Males","Hanging","Number","1974","159"
"3440","Males","Other mechanisms","Number","1974","126"
"3441","Males","All mechanisms","Number","1974","1073"
"3442","Females","Poisons (excl. gas)","Number","1974","297"
"3443","Females","Gas","Number","1974","38"
"3444","Females","Firearms","Number","1974","33"
"3445","Females","Hanging","Number","1974","41"
"3446","Females","Other mechanisms","Number","1974","85"
"3447","Females","All mechanisms","Number","1974","494"
"3487","Males","Poisons (excl. gas)","Number","1975","228"
"3488","Males","Gas","Number","1975","162"
"3489","Males","Firearms","Number","1975","365"
"3490","Males","Hanging","Number","1975","168"
"3491","Males","Other mechanisms","Number","1975","127"
"3492","Males","All mechanisms","Number","1975","1050"
"3493","Females","Poisons (excl. gas)","Number","1975","282"
"3494","Females","Gas","Number","1975","31"
"3495","Females","Firearms","Number","1975","33"
"3496","Females","Hanging","Number","1975","49"
"3497","Females","Other mechanisms","Number","1975","83"
"3498","Females","All mechanisms","Number","1975","478"
"3538","Males","Poisons (excl. gas)","Number","1976","204"
"3539","Males","Gas","Number","1976","179"
"3540","Males","Firearms","Number","1976","398"
"3541","Males","Hanging","Number","1976","178"
"3542","Males","Other mechanisms","Number","1976","139"
"3543","Males","All mechanisms","Number","1976","1098"
"3544","Females","Poisons (excl. gas)","Number","1976","221"
"3545","Females","Gas","Number","1976","31"
"3546","Females","Firearms","Number","1976","31"
"3547","Females","Hanging","Number","1976","49"
"3548","Females","Other mechanisms","Number","1976","74"
"3549","Females","All mechanisms","Number","1976","406"
"3589","Males","Poisons (excl. gas)","Number","1977","183"
"3590","Males","Gas","Number","1977","220"
"3591","Males","Firearms","Number","1977","384"
"3592","Males","Hanging","Number","1977","186"
"3593","Males","Other mechanisms","Number","1977","155"
"3594","Males","All mechanisms","Number","1977","1128"
"3595","Females","Poisons (excl. gas)","Number","1977","243"
"3596","Females","Gas","Number","1977","31"
"3597","Females","Firearms","Number","1977","36"
"3598","Females","Hanging","Number","1977","42"
"3599","Females","Other mechanisms","Number","1977","86"
"3600","Females","All mechanisms","Number","1977","438"
"3640","Males","Poisons (excl. gas)","Number","1978","223"
"3641","Males","Gas","Number","1978","177"
"3642","Males","Firearms","Number","1978","432"
"3643","Males","Hanging","Number","1978","166"
"3644","Males","Other mechanisms","Number","1978","128"
"3645","Males","All mechanisms","Number","1978","1126"
"3646","Females","Poisons (excl. gas)","Number","1978","249"
"3647","Females","Gas","Number","1978","35"
"3648","Females","Firearms","Number","1978","35"
"3649","Females","Hanging","Number","1978","60"
"3650","Females","Other mechanisms","Number","1978","90"
"3651","Females","All mechanisms","Number","1978","469"
"3691","Males","Poisons (excl. gas)","Number","1979","235"
"3692","Males","Gas","Number","1979","167"
"3693","Males","Firearms","Number","1979","485"
"3694","Males","Hanging","Number","1979","170"
"3695","Males","Other mechanisms","Number","1979","141"
"3696","Males","All mechanisms","Number","1979","1198"
"3697","Females","Poisons (excl. gas)","Number","1979","253"
"3698","Females","Gas","Number","1979","32"
"3699","Females","Firearms","Number","1979","42"
"3700","Females","Hanging","Number","1979","55"
"3701","Females","Other mechanisms","Number","1979","97"
"3702","Females","All mechanisms","Number","1979","479"
"3742","Males","Poisons (excl. gas)","Number","1980","217"
"3743","Males","Gas","Number","1980","198"
"3744","Males","Firearms","Number","1980","480"
"3745","Males","Hanging","Number","1980","157"
"3746","Males","Other mechanisms","Number","1980","147"
"3747","Males","All mechanisms","Number","1980","1199"
"3748","Females","Poisons (excl. gas)","Number","1980","193"
"3749","Females","Gas","Number","1980","34"
"3750","Females","Firearms","Number","1980","37"
"3751","Females","Hanging","Number","1980","57"
"3752","Females","Other mechanisms","Number","1980","87"
"3753","Females","All mechanisms","Number","1980","408"
"3793","Males","Poisons (excl. gas)","Number","1981","199"
"3794","Males","Gas","Number","1981","211"
"3795","Males","Firearms","Number","1981","455"
"3796","Males","Hanging","Number","1981","222"
"3797","Males","Other mechanisms","Number","1981","172"
"3798","Males","All mechanisms","Number","1981","1259"
"3799","Females","Poisons (excl. gas)","Number","1981","193"
"3800","Females","Gas","Number","1981","30"
"3801","Females","Firearms","Number","1981","42"
"3802","Females","Hanging","Number","1981","44"
"3803","Females","Other mechanisms","Number","1981","104"
"3804","Females","All mechanisms","Number","1981","413"
"3844","Males","Poisons (excl. gas)","Number","1982","176"
"3845","Males","Gas","Number","1982","209"
"3846","Males","Firearms","Number","1982","508"
"3847","Males","Hanging","Number","1982","248"
"3848","Males","Other mechanisms","Number","1982","177"
"3849","Males","All mechanisms","Number","1982","1318"
"3850","Females","Poisons (excl. gas)","Number","1982","216"
"3851","Females","Gas","Number","1982","35"
"3852","Females","Firearms","Number","1982","35"
"3853","Females","Hanging","Number","1982","62"
"3854","Females","Other mechanisms","Number","1982","111"
"3855","Females","All mechanisms","Number","1982","459"
"3895","Males","Poisons (excl. gas)","Number","1983","179"
"3896","Males","Gas","Number","1983","207"
"3897","Males","Firearms","Number","1983","485"
"3898","Males","Hanging","Number","1983","244"
"3899","Males","Other mechanisms","Number","1983","193"
"3900","Males","All mechanisms","Number","1983","1308"
"3901","Females","Poisons (excl. gas)","Number","1983","206"
"3902","Females","Gas","Number","1983","34"
"3903","Females","Firearms","Number","1983","35"
"3904","Females","Hanging","Number","1983","58"
"3905","Females","Other mechanisms","Number","1983","85"
"3906","Females","All mechanisms","Number","1983","418"
"3946","Males","Poisons (excl. gas)","Number","1984","209"
"3947","Males","Gas","Number","1984","230"
"3948","Males","Firearms","Number","1984","478"
"3949","Males","Hanging","Number","1984","231"
"3950","Males","Other mechanisms","Number","1984","161"
"3951","Males","All mechanisms","Number","1984","1309"
"3952","Females","Poisons (excl. gas)","Number","1984","161"
"3953","Females","Gas","Number","1984","33"
"3954","Females","Firearms","Number","1984","46"
"3955","Females","Hanging","Number","1984","62"
"3956","Females","Other mechanisms","Number","1984","101"
"3957","Females","All mechanisms","Number","1984","403"
"3997","Males","Poisons (excl. gas)","Number","1985","188"
"3998","Males","Gas","Number","1985","292"
"3999","Males","Firearms","Number","1985","507"
"4000","Males","Hanging","Number","1985","252"
"4001","Males","Other mechanisms","Number","1985","189"
"4002","Males","All mechanisms","Number","1985","1428"
"4003","Females","Poisons (excl. gas)","Number","1985","146"
"4004","Females","Gas","Number","1985","52"
"4005","Females","Firearms","Number","1985","45"
"4006","Females","Hanging","Number","1985","74"
"4007","Females","Other mechanisms","Number","1985","82"
"4008","Females","All mechanisms","Number","1985","399"
"4048","Males","Poisons (excl. gas)","Number","1986","187"
"4049","Males","Gas","Number","1986","356"
"4050","Males","Firearms","Number","1986","508"
"4051","Males","Hanging","Number","1986","282"
"4052","Males","Other mechanisms","Number","1986","198"
"4053","Males","All mechanisms","Number","1986","1531"
"4054","Females","Poisons (excl. gas)","Number","1986","179"
"4055","Females","Gas","Number","1986","62"
"4056","Females","Firearms","Number","1986","41"
"4057","Females","Hanging","Number","1986","67"
"4058","Females","Other mechanisms","Number","1986","102"
"4059","Females","All mechanisms","Number","1986","451"
"4099","Males","Poisons (excl. gas)","Number","1987","228"
"4100","Males","Gas","Number","1987","374"
"4101","Males","Firearms","Number","1987","534"
"4102","Males","Hanging","Number","1987","414"
"4103","Males","Other mechanisms","Number","1987","223"
"4104","Males","All mechanisms","Number","1987","1773"
"4105","Females","Poisons (excl. gas)","Number","1987","207"
"4106","Females","Gas","Number","1987","50"
"4107","Females","Firearms","Number","1987","38"
"4108","Females","Hanging","Number","1987","78"
"4109","Females","Other mechanisms","Number","1987","94"
"4110","Females","All mechanisms","Number","1987","467"
"4150","Males","Poisons (excl. gas)","Number","1988","211"
"4151","Males","Gas","Number","1988","366"
"4152","Males","Firearms","Number","1988","489"
"4153","Males","Hanging","Number","1988","424"
"4154","Males","Other mechanisms","Number","1988","240"
"4155","Males","All mechanisms","Number","1988","1730"
"4156","Females","Poisons (excl. gas)","Number","1988","187"
"4157","Females","Gas","Number","1988","70"
"4158","Females","Firearms","Number","1988","32"
"4159","Females","Hanging","Number","1988","91"
"4160","Females","Other mechanisms","Number","1988","87"
"4161","Females","All mechanisms","Number","1988","467"
"4201","Males","Poisons (excl. gas)","Number","1989","181"
"4202","Males","Gas","Number","1989","365"
"4203","Males","Firearms","Number","1989","421"
"4204","Males","Hanging","Number","1989","467"
"4205","Males","Other mechanisms","Number","1989","224"
"4206","Males","All mechanisms","Number","1989","1658"
"4207","Females","Poisons (excl. gas)","Number","1989","161"
"4208","Females","Gas","Number","1989","54"
"4209","Females","Firearms","Number","1989","30"
"4210","Females","Hanging","Number","1989","88"
"4211","Females","Other mechanisms","Number","1989","105"
"4212","Females","All mechanisms","Number","1989","438"
"4252","Males","Poisons (excl. gas)","Number","1990","224"
"4253","Males","Gas","Number","1990","387"
"4254","Males","Firearms","Number","1990","456"
"4255","Males","Hanging","Number","1990","460"
"4256","Males","Other mechanisms","Number","1990","208"
"4257","Males","All mechanisms","Number","1990","1735"
"4258","Females","Poisons (excl. gas)","Number","1990","162"
"4259","Females","Gas","Number","1990","50"
"4260","Females","Firearms","Number","1990","32"
"4261","Females","Hanging","Number","1990","98"
"4262","Females","Other mechanisms","Number","1990","84"
"4263","Females","All mechanisms","Number","1990","426"
"4303","Males","Poisons (excl. gas)","Number","1991","242"
"4304","Males","Gas","Number","1991","414"
"4305","Males","Firearms","Number","1991","487"
"4306","Males","Hanging","Number","1991","479"
"4307","Males","Other mechanisms","Number","1991","225"
"4308","Males","All mechanisms","Number","1991","1847"
"4309","Females","Poisons (excl. gas)","Number","1991","193"
"4310","Females","Gas","Number","1991","74"
"4311","Females","Firearms","Number","1991","23"
"4312","Females","Hanging","Number","1991","108"
"4313","Females","Other mechanisms","Number","1991","115"
"4314","Females","All mechanisms","Number","1991","513"
"4354","Males","Poisons (excl. gas)","Number","1992","212"
"4355","Males","Gas","Number","1992","419"
"4356","Males","Firearms","Number","1992","464"
"4357","Males","Hanging","Number","1992","496"
"4358","Males","Other mechanisms","Number","1992","229"
"4359","Males","All mechanisms","Number","1992","1820"
"4360","Females","Poisons (excl. gas)","Number","1992","186"
"4361","Females","Gas","Number","1992","61"
"4362","Females","Firearms","Number","1992","26"
"4363","Females","Hanging","Number","1992","93"
"4364","Females","Other mechanisms","Number","1992","108"
"4365","Females","All mechanisms","Number","1992","474"
"4405","Males","Poisons (excl. gas)","Number","1993","177"
"4406","Males","Gas","Number","1993","353"
"4407","Males","Firearms","Number","1993","418"
"4408","Males","Hanging","Number","1993","507"
"4409","Males","Other mechanisms","Number","1993","232"
"4410","Males","All mechanisms","Number","1993","1687"
"4411","Females","Poisons (excl. gas)","Number","1993","137"
"4412","Females","Gas","Number","1993","57"
"4413","Females","Firearms","Number","1993","17"
"4414","Females","Hanging","Number","1993","88"
"4415","Females","Other mechanisms","Number","1993","95"
"4416","Females","All mechanisms","Number","1993","394"
"4456","Males","Poisons (excl. gas)","Number","1994","219"
"4457","Males","Gas","Number","1994","394"
"4458","Males","Firearms","Number","1994","400"
"4459","Males","Hanging","Number","1994","532"
"4460","Males","Other mechanisms","Number","1994","285"
"4461","Males","All mechanisms","Number","1994","1830"
"4462","Females","Poisons (excl. gas)","Number","1994","156"
"4463","Females","Gas","Number","1994","58"
"4464","Females","Firearms","Number","1994","20"
"4465","Females","Hanging","Number","1994","107"
"4466","Females","Other mechanisms","Number","1994","87"
"4467","Females","All mechanisms","Number","1994","428"
"4507","Males","Poisons (excl. gas)","Number","1995","222"
"4508","Males","Gas","Number","1995","427"
"4509","Males","Firearms","Number","1995","366"
"4510","Males","Hanging","Number","1995","585"
"4511","Males","Other mechanisms","Number","1995","273"
"4512","Males","All mechanisms","Number","1995","1873"
"4513","Females","Poisons (excl. gas)","Number","1995","161"
"4514","Females","Gas","Number","1995","94"
"4515","Females","Firearms","Number","1995","23"
"4516","Females","Hanging","Number","1995","114"
"4517","Females","Other mechanisms","Number","1995","103"
"4518","Females","All mechanisms","Number","1995","495"
"4558","Males","Poisons (excl. gas)","Number","1996","199"
"4559","Males","Gas","Number","1996","450"
"4560","Males","Firearms","Number","1996","369"
"4561","Males","Hanging","Number","1996","672"
"4562","Males","Other mechanisms","Number","1996","241"
"4563","Males","All mechanisms","Number","1996","1931"
"4564","Females","Poisons (excl. gas)","Number","1996","179"
"4565","Females","Gas","Number","1996","80"
"4566","Females","Firearms","Number","1996","15"
"4567","Females","Hanging","Number","1996","120"
"4568","Females","Other mechanisms","Number","1996","68"
"4569","Females","All mechanisms","Number","1996","462"
"4609","Males","Poisons (excl. gas)","Number","1997","190"
"4610","Males","Gas","Number","1997","525"
"4611","Males","Firearms","Number","1997","309"
"4612","Males","Hanging","Number","1997","812"
"4613","Males","Other mechanisms","Number","1997","309"
"4614","Males","All mechanisms","Number","1997","2145"
"4615","Females","Poisons (excl. gas)","Number","1997","157"
"4616","Females","Gas","Number","1997","108"
"4617","Females","Firearms","Number","1997","21"
"4618","Females","Hanging","Number","1997","175"
"4619","Females","Other mechanisms","Number","1997","116"
"4620","Females","All mechanisms","Number","1997","577"
"4660","Males","Poisons (excl. gas)","Number","1998","178"
"4661","Males","Gas","Number","1998","478"
"4662","Males","Firearms","Number","1998","218"
"4663","Males","Hanging","Number","1998","1035"
"4664","Males","Other mechanisms","Number","1998","241"
"4665","Males","All mechanisms","Number","1998","2150"
"4666","Females","Poisons (excl. gas)","Number","1998","158"
"4667","Females","Gas","Number","1998","82"
"4668","Females","Firearms","Number","1998","17"
"4669","Females","Hanging","Number","1998","182"
"4670","Females","Other mechanisms","Number","1998","94"
"4671","Females","All mechanisms","Number","1998","533"
"4711","Males","Poisons (excl. gas)","Number","1999","177"
"4712","Males","Gas","Number","1999","473"
"4713","Males","Firearms","Number","1999","257"
"4714","Males","Hanging","Number","1999","868"
"4715","Males","Other mechanisms","Number","1999","227"
"4716","Males","All mechanisms","Number","1999","2002"
"4717","Females","Poisons (excl. gas)","Number","1999","125"
"4718","Females","Gas","Number","1999","98"
"4719","Females","Firearms","Number","1999","13"
"4720","Females","Hanging","Number","1999","160"
"4721","Females","Other mechanisms","Number","1999","94"
"4722","Females","All mechanisms","Number","1999","490"
"4762","Males","Poisons (excl. gas)","Number","2000","175"
"4763","Males","Gas","Number","2000","441"
"4764","Males","Firearms","Number","2000","213"
"4765","Males","Hanging","Number","2000","807"
"4766","Males","Other mechanisms","Number","2000","228"
"4767","Males","All mechanisms","Number","2000","1864"
"4768","Females","Poisons (excl. gas)","Number","2000","134"
"4769","Females","Gas","Number","2000","97"
"4770","Females","Firearms","Number","2000","10"
"4771","Females","Hanging","Number","2000","182"
"4772","Females","Other mechanisms","Number","2000","80"
"4773","Females","All mechanisms","Number","2000","503"
"4813","Males","Poisons (excl. gas)","Number","2001","175"
"4814","Males","Gas","Number","2001","403"
"4815","Males","Firearms","Number","2001","242"
"4816","Males","Hanging","Number","2001","855"
"4817","Males","Other mechanisms","Number","2001","261"
"4818","Males","All mechanisms","Number","2001","1936"
"4819","Females","Poisons (excl. gas)","Number","2001","139"
"4820","Females","Gas","Number","2001","81"
"4821","Females","Firearms","Number","2001","20"
"4822","Females","Hanging","Number","2001","195"
"4823","Females","Other mechanisms","Number","2001","86"
"4824","Females","All mechanisms","Number","2001","521"
"4864","Males","Poisons (excl. gas)","Number","2002","172"
"4865","Males","Gas","Number","2002","346"
"4866","Males","Firearms","Number","2002","207"
"4867","Males","Hanging","Number","2002","846"
"4868","Males","Other mechanisms","Number","2002","246"
"4869","Males","All mechanisms","Number","2002","1817"
"4870","Females","Poisons (excl. gas)","Number","2002","138"
"4871","Females","Gas","Number","2002","70"
"4872","Females","Firearms","Number","2002","11"
"4873","Females","Hanging","Number","2002","199"
"4874","Females","Other mechanisms","Number","2002","85"
"4875","Females","All mechanisms","Number","2002","503"
"4915","Males","Poisons (excl. gas)","Number","2003","171"
"4916","Males","Gas","Number","2003","317"
"4917","Males","Firearms","Number","2003","185"
"4918","Males","Hanging","Number","2003","820"
"4919","Males","Other mechanisms","Number","2003","244"
"4920","Males","All mechanisms","Number","2003","1737"
"4921","Females","Poisons (excl. gas)","Number","2003","134"
"4922","Females","Gas","Number","2003","71"
"4923","Females","Firearms","Number","2003","9"
"4924","Females","Hanging","Number","2003","176"
"4925","Females","Other mechanisms","Number","2003","87"
"4926","Females","All mechanisms","Number","2003","477"
"4966","Males","Poisons (excl. gas)","Number","2004","146"
"4967","Males","Gas","Number","2004","312"
"4968","Males","Firearms","Number","2004","164"
"4969","Males","Hanging","Number","2004","822"
"4970","Males","Other mechanisms","Number","2004","217"
"4971","Males","All mechanisms","Number","2004","1661"
"4972","Females","Poisons (excl. gas)","Number","2004","108"
"4973","Females","Gas","Number","2004","65"
"4974","Females","Firearms","Number","2004","5"
"4975","Females","Hanging","Number","2004","176"
"4976","Females","Other mechanisms","Number","2004","83"
"4977","Females","All mechanisms","Number","2004","437"
"5017","Males","Poisons (excl. gas)","Number","2005","136"
"5018","Males","Gas","Number","2005","278"
"5019","Males","Firearms","Number","2005","136"
"5020","Males","Hanging","Number","2005","885"
"5021","Males","Other mechanisms","Number","2005","223"
"5022","Males","All mechanisms","Number","2005","1658"
"5023","Females","Poisons (excl. gas)","Number","2005","124"
"5024","Females","Gas","Number","2005","46"
"5025","Females","Firearms","Number","2005","11"
"5026","Females","Hanging","Number","2005","183"
"5027","Females","Other mechanisms","Number","2005","80"
"5028","Females","All mechanisms","Number","2005","444"
"5068","Males","Poisons (excl. gas)","Number","2006","120"
"5069","Males","Gas","Number","2006","228"
"5070","Males","Firearms","Number","2006","175"
"5071","Males","Hanging","Number","2006","872"
"5072","Males","Other mechanisms","Number","2006","229"
"5073","Males","All mechanisms","Number","2006","1624"
"5074","Females","Poisons (excl. gas)","Number","2006","139"
"5075","Females","Gas","Number","2006","40"
"5076","Females","Firearms","Number","2006","10"
"5077","Females","Hanging","Number","2006","208"
"5078","Females","Other mechanisms","Number","2006","97"
"5079","Females","All mechanisms","Number","2006","494"
"5119","Males","Poisons (excl. gas)","Number","2007","144"
"5120","Males","Gas","Number","2007","201"
"5121","Males","Firearms","Number","2007","183"
"5122","Males","Hanging","Number","2007","934"
"5123","Males","Other mechanisms","Number","2007","237"
"5124","Males","All mechanisms","Number","2007","1699"
"5125","Females","Poisons (excl. gas)","Number","2007","174"
"5126","Females","Gas","Number","2007","40"
"5127","Females","Firearms","Number","2007","8"
"5128","Females","Hanging","Number","2007","216"
"5129","Females","Other mechanisms","Number","2007","92"
"5130","Females","All mechanisms","Number","2007","530"
"5170","Males","Poisons (excl. gas)","Number","2008","178"
"5171","Males","Gas","Number","2008","197"
"5172","Males","Firearms","Number","2008","171"
"5173","Males","Hanging","Number","2008","998"
"5174","Males","Other mechanisms","Number","2008","289"
"5175","Males","All mechanisms","Number","2008","1833"
"5176","Females","Poisons (excl. gas)","Number","2008","138"
"5177","Females","Gas","Number","2008","33"
"5178","Females","Firearms","Number","2008","12"
"5179","Females","Hanging","Number","2008","215"
"5180","Females","Other mechanisms","Number","2008","110"
"5181","Females","All mechanisms","Number","2008","508"
"5221","Males","Poisons (excl. gas)","Number","2009","187"
"5222","Males","Gas","Number","2009","209"
"5223","Males","Firearms","Number","2009","166"
"5224","Males","Hanging","Number","2009","969"
"5225","Males","Other mechanisms","Number","2009","254"
"5226","Males","All mechanisms","Number","2009","1785"
"5227","Females","Poisons (excl. gas)","Number","2009","175"
"5228","Females","Gas","Number","2009","41"
"5229","Females","Firearms","Number","2009","8"
"5230","Females","Hanging","Number","2009","228"
"5231","Females","Other mechanisms","Number","2009","100"
"5232","Females","All mechanisms","Number","2009","552"
"5272","Males","Poisons (excl. gas)","Number","2010","159"
"5273","Males","Gas","Number","2010","189"
"5274","Males","Firearms","Number","2010","158"
"5275","Males","Hanging","Number","2010","1119"
"5276","Males","Other mechanisms","Number","2010","289"
"5277","Males","All mechanisms","Number","2010","1914"
"5278","Females","Poisons (excl. gas)","Number","2010","163"
"5279","Females","Gas","Number","2010","33"
"5280","Females","Firearms","Number","2010","14"
"5281","Females","Hanging","Number","2010","256"
"5282","Females","Other mechanisms","Number","2010","100"
"5283","Females","All mechanisms","Number","2010","566"
"5323","Males","Poisons (excl. gas)","Number","2011","187"
"5324","Males","Gas","Number","2011","165"
"5325","Males","Firearms","Number","2011","137"
"5326","Males","Hanging","Number","2011","1054"
"5327","Males","Other mechanisms","Number","2011","269"
"5328","Males","All mechanisms","Number","2011","1812"
"5329","Females","Poisons (excl. gas)","Number","2011","174"
"5330","Females","Gas","Number","2011","37"
"5331","Females","Firearms","Number","2011","7"
"5332","Females","Hanging","Number","2011","271"
"5333","Females","Other mechanisms","Number","2011","92"
"5334","Females","All mechanisms","Number","2011","581"
"5374","Males","Poisons (excl. gas)","Number","2012","222"
"5375","Males","Gas","Number","2012","159"
"5376","Males","Firearms","Number","2012","170"
"5377","Males","Hanging","Number","2012","1084"
"5378","Males","Other mechanisms","Number","2012","295"
"5379","Males","All mechanisms","Number","2012","1930"
"5380","Females","Poisons (excl. gas)","Number","2012","184"
"5381","Females","Gas","Number","2012","36"
"5382","Females","Firearms","Number","2012","8"
"5383","Females","Hanging","Number","2012","301"
"5384","Females","Other mechanisms","Number","2012","121"
"5385","Females","All mechanisms","Number","2012","650"
"5425","Males","Poisons (excl. gas)","Number","2013","188"
"5426","Males","Gas","Number","2013","150"
"5427","Males","Firearms","Number","2013","161"
"5428","Males","Hanging","Number","2013","1115"
"5429","Males","Other mechanisms","Number","2013","330"
"5430","Males","All mechanisms","Number","2013","1944"
"5431","Females","Poisons (excl. gas)","Number","2013","216"
"5432","Females","Gas","Number","2013","25"
"5433","Females","Firearms","Number","2013","7"
"5434","Females","Hanging","Number","2013","305"
"5435","Females","Other mechanisms","Number","2013","113"
"5436","Females","All mechanisms","Number","2013","666"
"5476","Males","Poisons (excl. gas)","Number","2014","244"
"5477","Males","Gas","Number","2014","148"
"5478","Males","Firearms","Number","2014","178"
"5479","Males","Hanging","Number","2014","1285"
"5480","Males","Other mechanisms","Number","2014","353"
"5481","Males","All mechanisms","Number","2014","2208"
"5482","Females","Poisons (excl. gas)","Number","2014","221"
"5483","Females","Gas","Number","2014","26"
"5484","Females","Firearms","Number","2014","5"
"5485","Females","Hanging","Number","2014","349"
"5486","Females","Other mechanisms","Number","2014","113"
"5487","Females","All mechanisms","Number","2014","714"
"5527","Males","Poisons (excl. gas)","Number","2015","272"
"5528","Males","Gas","Number","2015","153"
"5529","Males","Firearms","Number","2015","182"
"5530","Males","Hanging","Number","2015","1348"
"5531","Males","Other mechanisms","Number","2015","374"
"5532","Males","All mechanisms","Number","2015","2329"
"5533","Females","Poisons (excl. gas)","Number","2015","233"
"5534","Females","Gas","Number","2015","33"
"5535","Females","Firearms","Number","2015","3"
"5536","Females","Hanging","Number","2015","364"
"5537","Females","Other mechanisms","Number","2015","131"
"5538","Females","All mechanisms","Number","2015","764"
"5578","Males","Poisons (excl. gas)","Number","2016","236"
"5579","Males","Gas","Number","2016","129"
"5580","Males","Firearms","Number","2016","175"
"5581","Males","Hanging","Number","2016","1251"
"5582","Males","Other mechanisms","Number","2016","380"
"5583","Males","All mechanisms","Number","2016","2171"
"5584","Females","Poisons (excl. gas)","Number","2016","217"
"5585","Females","Gas","Number","2016","26"
"5586","Females","Firearms","Number","2016","12"
"5587","Females","Hanging","Number","2016","345"
"5588","Females","Other mechanisms","Number","2016","138"
"5589","Females","All mechanisms","Number","2016","738"
"5629","Males","Poisons (excl. gas)","Number","2017","261"
"5630","Males","Gas","Number","2017","146"
"5631","Males","Firearms","Number","2017","161"
"5632","Males","Hanging","Number","2017","1495"
"5633","Males","Other mechanisms","Number","2017","387"
"5634","Males","All mechanisms","Number","2017","2450"
"5635","Females","Poisons (excl. gas)","Number","2017","261"
"5636","Females","Gas","Number","2017","15"
"5637","Females","Firearms","Number","2017","8"
"5638","Females","Hanging","Number","2017","386"
"5639","Females","Other mechanisms","Number","2017","165"
"5640","Females","All mechanisms","Number","2017","835"
"5680","Males","Poisons (excl. gas)","Number","2018","236"
"5681","Males","Gas","Number","2018","120"
"5682","Males","Firearms","Number","2018","169"
"5683","Males","Hanging","Number","2018","1492"
"5684","Males","Other mechanisms","Number","2018","375"
"5685","Males","All mechanisms","Number","2018","2392"
"5686","Females","Poisons (excl. gas)","Number","2018","227"
"5687","Females","Gas","Number","2018","24"
"5688","Females","Firearms","Number","2018","4"
"5689","Females","Hanging","Number","2018","361"
"5690","Females","Other mechanisms","Number","2018","130"
"5691","Females","All mechanisms","Number","2018","746"
"5731","Males","Poisons (excl. gas)","Number","2019","250"
"5732","Males","Gas","Number","2019","117"
"5733","Males","Firearms","Number","2019","172"
"5734","Males","Hanging","Number","2019","1553"
"5735","Males","Other mechanisms","Number","2019","410"
"5736","Males","All mechanisms","Number","2019","2502"
"5737","Females","Poisons (excl. gas)","Number","2019","242"
"5738","Females","Gas","Number","2019","20"
"5739","Females","Firearms","Number","2019","8"
"5740","Females","Hanging","Number","2019","411"
"5741","Females","Other mechanisms","Number","2019","135"
"5742","Females","All mechanisms","Number","2019","816"
