"","Sex","Mechanism","variable","Age-standardised rate (per 100,000)","Median age at death (years)","Number"
"1","Females","All mechanisms","1907","5.2225526",". .","76"
"2","Females","All mechanisms","1908","4.6663325",". .","84"
"3","Females","All mechanisms","1909","5.3075624",". .","97"
"4","Females","All mechanisms","1910","4.935708",". .","84"
"5","Females","All mechanisms","1911","5.4595906",". .","98"
"6","Females","All mechanisms","1912","5.9598204",". .","118"
"7","Females","All mechanisms","1913","6.7097411",". .","131"
"8","Females","All mechanisms","1914","5.4410025",". .","109"
"9","Females","All mechanisms","1915","6.1458059",". .","122"
"10","Females","All mechanisms","1916","5.3257542",". .","111"
"11","Females","All mechanisms","1917","4.2691815",". .","94"
"12","Females","All mechanisms","1918","4.3094657",". .","90"
"13","Females","All mechanisms","1919","5.0908007",". .","106"
"14","Females","All mechanisms","1920","5.4207142",". .","120"
"15","Females","All mechanisms","1921","4.9756697",". .","111"
"16","Females","All mechanisms","1922","3.8935525",". .","92"
"17","Females","All mechanisms","1923","4.4418698",". .","107"
"18","Females","All mechanisms","1924","4.9115584",". .","119"
"19","Females","All mechanisms","1925","5.2539461",". .","131"
"20","Females","All mechanisms","1926","5.3120337",". .","128"
"21","Females","All mechanisms","1927","5.48648",". .","142"
"22","Females","All mechanisms","1928","5.4117468",". .","142"
"23","Females","All mechanisms","1929","5.1353571",". .","141"
"24","Females","All mechanisms","1930","5.3375197",". .","152"
"25","Females","All mechanisms","1931","4.8957077",". .","138"
"26","Females","All mechanisms","1932","5.4508141",". .","156"
"27","Females","All mechanisms","1933","5.2482939",". .","157"
"28","Females","All mechanisms","1934","6.0809172",". .","183"
"29","Females","All mechanisms","1935","6.0015048",". .","179"
"30","Females","All mechanisms","1936","5.8091363",". .","178"
"31","Females","All mechanisms","1937","4.8440062",". .","148"
"32","Females","All mechanisms","1938","5.3361395",". .","169"
"33","Females","All mechanisms","1939","5.6116563",". .","179"
"34","Females","All mechanisms","1940","5.5060401",". .","175"
"35","Females","All mechanisms","1941","4.8138302",". .","161"
"36","Females","All mechanisms","1942","4.7986872",". .","162"
"37","Females","All mechanisms","1943","4.2982244",". .","140"
"38","Females","All mechanisms","1944","5.1720909",". .","178"
"39","Females","All mechanisms","1945","5.0525089",". .","173"
"40","Females","All mechanisms","1946","6.5053852",". .","219"
"41","Females","All mechanisms","1947","5.6890429",". .","200"
"42","Females","All mechanisms","1948","4.6348263",". .","159"
"43","Females","All mechanisms","1949","4.7311627",". .","174"
"44","Females","All mechanisms","1950","5.1095135",". .","193"
"45","Females","All mechanisms","1951","5.1762631",". .","197"
"46","Females","All mechanisms","1952","5.9149543",". .","225"
"47","Females","All mechanisms","1953","6.8001233",". .","261"
"48","Females","All mechanisms","1954","6.1415848",". .","245"
"49","Females","All mechanisms","1955","6.0971864",". .","245"
"50","Females","All mechanisms","1956","6.5881852",". .","270"
"51","Females","All mechanisms","1957","7.7236067",". .","326"
"52","Females","All mechanisms","1958","6.9059945",". .","297"
"53","Females","All mechanisms","1959","6.6482262",". .","288"
"54","Females","All mechanisms","1960","7.1324818",". .","314"
"55","Females","All mechanisms","1961","7.6333047",". .","348"
"56","Females","All mechanisms","1962","9.9760138",". .","458"
"57","Females","All mechanisms","1963","12.312248",". .","575"
"58","Females","All mechanisms","1964","11.473692","47","549"
"59","Females","All mechanisms","1965","12.456308","47","610"
"60","Females","All mechanisms","1966","12.245685","46","607"
"61","Females","All mechanisms","1967","12.87561","47","653"
"62","Females","All mechanisms","1968","9.8679963","47","505"
"63","Females","All mechanisms","1969","9.1154496","47","477"
"64","Females","All mechanisms","1970","8.7525472","47","475"
"65","Females","All mechanisms","1971","10.372478","45","588"
"66","Females","All mechanisms","1972","9.3999766","45","540"
"67","Females","All mechanisms","1973","8.3078944","47","492"
"68","Females","All mechanisms","1974","8.2511342","47","494"
"69","Females","All mechanisms","1975","7.9707631","46.5","478"
"70","Females","All mechanisms","1976","6.575649","48","406"
"71","Females","All mechanisms","1977","6.97465","46","438"
"72","Females","All mechanisms","1978","7.2636636","46","469"
"73","Females","All mechanisms","1979","7.216113","45","479"
"74","Females","All mechanisms","1980","6.1273034","41.5","408"
"75","Females","All mechanisms","1981","6.1124579","45","413"
"76","Females","All mechanisms","1982","6.6564651","47","459"
"77","Females","All mechanisms","1983","5.855702","47","418"
"78","Females","All mechanisms","1984","5.5553882","43","403"
"79","Females","All mechanisms","1985","5.3392604","45","399"
"80","Females","All mechanisms","1986","5.9597151","43","451"
"81","Females","All mechanisms","1987","5.9579705","42","467"
"82","Females","All mechanisms","1988","5.8507864","43","467"
"83","Females","All mechanisms","1989","5.3618237","44","438"
"84","Females","All mechanisms","1990","5.0875138","43","426"
"85","Females","All mechanisms","1991","6.0340796","42","513"
"86","Females","All mechanisms","1992","5.4525793","41","474"
"87","Females","All mechanisms","1993","4.5033011","41.5","394"
"88","Females","All mechanisms","1994","4.8390468","41","428"
"89","Females","All mechanisms","1995","5.5240063","41","495"
"90","Females","All mechanisms","1996","5.0769008","40","462"
"91","Females","All mechanisms","1997","6.2353565","41","577"
"92","Females","All mechanisms","1998","5.6590783","39","533"
"93","Females","All mechanisms","1999","5.1608142","40","490"
"94","Females","All mechanisms","2000","5.2257249","40","503"
"95","Females","All mechanisms","2001","5.3139942","41","521"
"96","Females","All mechanisms","2002","5.0622573","43","503"
"97","Females","All mechanisms","2003","4.7761143","41","477"
"98","Females","All mechanisms","2004","4.2968555","43","437"
"99","Females","All mechanisms","2005","4.32536","44","444"
"100","Females","All mechanisms","2006","4.7070475","44","494"
"101","Females","All mechanisms","2007","4.9815443","44","530"
"102","Females","All mechanisms","2008","4.7328407","43","508"
"103","Females","All mechanisms","2009","4.9728135","44","552"
"104","Females","All mechanisms","2010","5.0235761","43","566"
"105","Females","All mechanisms","2011","5.0731557","42.5","581"
"106","Females","All mechanisms","2012","5.6381058","42","650"
"107","Females","All mechanisms","2013","5.6139557","44","666"
"108","Females","All mechanisms","2014","5.9678226","43","714"
"109","Females","All mechanisms","2015","6.3248918","45","764"
"110","Females","All mechanisms","2016","6","44","738"
"111","Females","All mechanisms","2017","6.6","46","835"
"112","Females","All mechanisms","2018","5.9","45","746"
"113","Females","All mechanisms","2019","6.3","44","816"
"114","Females","Firearms","1907","n.p.",". .","3"
"115","Females","Firearms","1908","n.p.",". .","7"
"116","Females","Firearms","1909","n.p.",". .","6"
"117","Females","Firearms","1910","n.p.",". .","6"
"118","Females","Firearms","1911","n.p.",". .","9"
"119","Females","Firearms","1912","n.p.",". .","10"
"120","Females","Firearms","1913","n.p.",". .","9"
"121","Females","Firearms","1914","n.p.",". .","4"
"122","Females","Firearms","1915","n.p.",". .","5"
"123","Females","Firearms","1916","n.p.",". .","8"
"124","Females","Firearms","1917","n.p.",". .","7"
"125","Females","Firearms","1918","n.p.",". .","11"
"126","Females","Firearms","1919","n.p.",". .","7"
"127","Females","Firearms","1920","n.p.",". .","7"
"128","Females","Firearms","1921","n.p.",". .","8"
"129","Females","Firearms","1922","n.p.",". .","3"
"130","Females","Firearms","1923","n.p.",". .","7"
"131","Females","Firearms","1924","n.p.",". .","12"
"132","Females","Firearms","1925","n.p.",". .","5"
"133","Females","Firearms","1926","n.p.",". .","5"
"134","Females","Firearms","1927","n.p.",". .","11"
"135","Females","Firearms","1928","n.p.",". .","7"
"136","Females","Firearms","1929","n.p.",". .","7"
"137","Females","Firearms","1930","n.p.",". .","7"
"138","Females","Firearms","1931","n.p.",". .","16"
"139","Females","Firearms","1932","n.p.",". .","5"
"140","Females","Firearms","1933","n.p.",". .","9"
"141","Females","Firearms","1934","n.p.",". .","12"
"142","Females","Firearms","1935","n.p.",". .","12"
"143","Females","Firearms","1936","n.p.",". .","9"
"144","Females","Firearms","1937","n.p.",". .","14"
"145","Females","Firearms","1938","n.p.",". .","15"
"146","Females","Firearms","1939","n.p.",". .","10"
"147","Females","Firearms","1940","n.p.",". .","13"
"148","Females","Firearms","1941","n.p.",". .","10"
"149","Females","Firearms","1942","n.p.",". .","12"
"150","Females","Firearms","1943","n.p.",". .","13"
"151","Females","Firearms","1944","n.p.",". .","14"
"152","Females","Firearms","1945","n.p.",". .","11"
"153","Females","Firearms","1946","n.p.",". .","14"
"154","Females","Firearms","1947","n.p.",". .","12"
"155","Females","Firearms","1948","n.p.",". .","9"
"156","Females","Firearms","1949","n.p.",". .","11"
"157","Females","Firearms","1950","n.p.",". .","12"
"158","Females","Firearms","1951","n.p.",". .","19"
"159","Females","Firearms","1952","0.5052892",". .","21"
"160","Females","Firearms","1953","n.p.",". .","19"
"161","Females","Firearms","1954","0.6334185",". .","25"
"162","Females","Firearms","1955","n.p.",". .","19"
"163","Females","Firearms","1956","0.4830022",". .","20"
"164","Females","Firearms","1957","n.p.",". .","18"
"165","Females","Firearms","1958","n.p.",". .","18"
"166","Females","Firearms","1959","n.p.",". .","12"
"167","Females","Firearms","1960","n.p.",". .","17"
"168","Females","Firearms","1961","n.p.",". .","18"
"169","Females","Firearms","1962","0.5549217",". .","26"
"170","Females","Firearms","1963","0.5086653",". .","24"
"171","Females","Firearms","1964","0.4866028","37","24"
"172","Females","Firearms","1965","0.5600496","37","27"
"173","Females","Firearms","1966","0.5670346","36","29"
"174","Females","Firearms","1967","0.5181988","41","28"
"175","Females","Firearms","1968","0.4431763","37.5","24"
"176","Females","Firearms","1969","0.5121082","33","27"
"177","Females","Firearms","1970","0.4169732","35.5","24"
"178","Females","Firearms","1971","0.4980038","39","28"
"179","Females","Firearms","1972","0.4447474","38","27"
"180","Females","Firearms","1973","0.4948118","32","31"
"181","Females","Firearms","1974","0.5546273","43","33"
"182","Females","Firearms","1975","0.5366365","35","33"
"183","Females","Firearms","1976","0.5147932","37","31"
"184","Females","Firearms","1977","0.5470266","35","36"
"185","Females","Firearms","1978","0.4859761","31","35"
"186","Females","Firearms","1979","0.6246134","34.5","42"
"187","Females","Firearms","1980","0.5444398","35","37"
"188","Females","Firearms","1981","0.61045","39.5","42"
"189","Females","Firearms","1982","0.4723087","29","35"
"190","Females","Firearms","1983","0.4699815","34","35"
"191","Females","Firearms","1984","0.6004102","31.5","46"
"192","Females","Firearms","1985","0.5829117","29","45"
"193","Females","Firearms","1986","0.5082153","28","41"
"194","Females","Firearms","1987","0.4657613","30.5","38"
"195","Females","Firearms","1988","0.3891427","28.5","32"
"196","Females","Firearms","1989","0.3518818","33","30"
"197","Females","Firearms","1990","0.3593019","30.5","32"
"198","Females","Firearms","1991","0.2612796","27","23"
"199","Females","Firearms","1992","0.2991438","33.5","26"
"200","Females","Firearms","1993","n.p.","34","17"
"201","Females","Firearms","1994","0.2243109","35","20"
"202","Females","Firearms","1995","0.2671327","38","23"
"203","Females","Firearms","1996","n.p.","36","15"
"204","Females","Firearms","1997","0.2336299","47","21"
"205","Females","Firearms","1998","n.p.","30","17"
"206","Females","Firearms","1999","n.p.","25","13"
"207","Females","Firearms","2000","n.p.","41","10"
"208","Females","Firearms","2001","0.2075221","33","20"
"209","Females","Firearms","2002","n.p.","44","11"
"210","Females","Firearms","2003","n.p.","55","9"
"211","Females","Firearms","2004","n.p.","34","5"
"212","Females","Firearms","2005","n.p.","37","11"
"213","Females","Firearms","2006","n.p.","42.5","10"
"214","Females","Firearms","2007","n.p.","43","8"
"215","Females","Firearms","2008","n.p.","39","12"
"216","Females","Firearms","2009","n.p.","50","8"
"217","Females","Firearms","2010","n.p.","44","14"
"218","Females","Firearms","2011","n.p.","51","7"
"219","Females","Firearms","2012","n.p.","37.5","8"
"220","Females","Firearms","2013","n.p.","39","7"
"221","Females","Firearms","2014","n.p.","35","5"
"222","Females","Firearms","2015","n.p.","36","3"
"223","Females","Firearms","2016","n.p.","35","12"
"224","Females","Firearms","2017","n.p.","39","8"
"225","Females","Firearms","2018","n.p.","40","4"
"226","Females","Firearms","2019","n.p.","44","8"
"227","Females","Gas","1907",". .",". .",". ."
"228","Females","Gas","1908",". .",". .",". ."
"229","Females","Gas","1909",". .",". .",". ."
"230","Females","Gas","1910",". .",". .",". ."
"231","Females","Gas","1911",". .",". .",". ."
"232","Females","Gas","1912",". .",". .",". ."
"233","Females","Gas","1913",". .",". .",". ."
"234","Females","Gas","1914",". .",". .",". ."
"235","Females","Gas","1915",". .",". .",". ."
"236","Females","Gas","1916",". .",". .",". ."
"237","Females","Gas","1917",". .",". .",". ."
"238","Females","Gas","1918",". .",". .",". ."
"239","Females","Gas","1919",". .",". .",". ."
"240","Females","Gas","1920",". .",". .",". ."
"241","Females","Gas","1921",". .",". .",". ."
"242","Females","Gas","1922",". .",". .","0"
"243","Females","Gas","1923","n.p.",". .","8"
"244","Females","Gas","1924","n.p.",". .","5"
"245","Females","Gas","1925","n.p.",". .","4"
"246","Females","Gas","1926","n.p.",". .","6"
"247","Females","Gas","1927","n.p.",". .","3"
"248","Females","Gas","1928","n.p.",". .","12"
"249","Females","Gas","1929","n.p.",". .","14"
"250","Females","Gas","1930","n.p.",". .","9"
"251","Females","Gas","1931","n.p.",". .","14"
"252","Females","Gas","1932","0.8767555",". .","24"
"253","Females","Gas","1933","n.p.",". .","18"
"254","Females","Gas","1934","0.9638567",". .","29"
"255","Females","Gas","1935","n.p.",". .","13"
"256","Females","Gas","1936","1.1642476",". .","35"
"257","Females","Gas","1937","0.7808208",". .","23"
"258","Females","Gas","1938","n.p.",". .","17"
"259","Females","Gas","1939","1.0763939",". .","32"
"260","Females","Gas","1940","1.1079875",". .","35"
"261","Females","Gas","1941","0.6075285",". .","20"
"262","Females","Gas","1942","0.7636224",". .","25"
"263","Females","Gas","1943","0.698785",". .","23"
"264","Females","Gas","1944","1.4034525",". .","48"
"265","Females","Gas","1945","0.6625727",". .","23"
"266","Females","Gas","1946","1.2198819",". .","42"
"267","Females","Gas","1947","0.9660729",". .","34"
"268","Females","Gas","1948","0.9053972",". .","29"
"269","Females","Gas","1949","0.7700629",". .","27"
"270","Females","Gas","1950","1.1057345",". .","42"
"271","Females","Gas","1951","0.9694029",". .","36"
"272","Females","Gas","1952","1.0201301",". .","37"
"273","Females","Gas","1953","1.4302506",". .","55"
"274","Females","Gas","1954","1.6217239",". .","64"
"275","Females","Gas","1955","1.5513165",". .","62"
"276","Females","Gas","1956","1.6825848",". .","69"
"277","Females","Gas","1957","1.7923955",". .","74"
"278","Females","Gas","1958","1.5669591",". .","66"
"279","Females","Gas","1959","1.4379847",". .","62"
"280","Females","Gas","1960","1.6616746",". .","71"
"281","Females","Gas","1961","1.897141",". .","85"
"282","Females","Gas","1962","1.8490717",". .","83"
"283","Females","Gas","1963","2.1337471",". .","98"
"284","Females","Gas","1964","1.4272101","46.5","68"
"285","Females","Gas","1965","1.7258887","49","84"
"286","Females","Gas","1966","1.7110826","48","84"
"287","Females","Gas","1967","1.3731992","46","71"
"288","Females","Gas","1968","1.2116066","39","62"
"289","Females","Gas","1969","1.1312296","44","59"
"290","Females","Gas","1970","1.021238","46","57"
"291","Females","Gas","1971","0.635462","39","37"
"292","Females","Gas","1972","0.6513484","43","37"
"293","Females","Gas","1973","0.5474505","35","32"
"294","Females","Gas","1974","0.6337763","43","38"
"295","Females","Gas","1975","0.5207338","41","31"
"296","Females","Gas","1976","0.4993418","43","31"
"297","Females","Gas","1977","0.4845055","38","31"
"298","Females","Gas","1978","0.5536514","44","35"
"299","Females","Gas","1979","0.4560512","44.5","32"
"300","Females","Gas","1980","0.5179404","39.5","34"
"301","Females","Gas","1981","0.4569558","43","30"
"302","Females","Gas","1982","0.5086466","43","35"
"303","Females","Gas","1983","0.4770879","40","34"
"304","Females","Gas","1984","0.4691776","48","33"
"305","Females","Gas","1985","0.715443","43.5","52"
"306","Females","Gas","1986","0.8408294","40","62"
"307","Females","Gas","1987","0.6368011","38","50"
"308","Females","Gas","1988","0.8616869","39.5","70"
"309","Females","Gas","1989","0.6447817","41.5","54"
"310","Females","Gas","1990","0.6016921","40","50"
"311","Females","Gas","1991","0.8873342","40.5","74"
"312","Females","Gas","1992","0.6827718","34.5","61"
"313","Females","Gas","1993","0.6300053","36","57"
"314","Females","Gas","1994","0.6752069","42","58"
"315","Females","Gas","1995","1.0435334","37","94"
"316","Females","Gas","1996","0.8819951","38","80"
"317","Females","Gas","1997","1.1673261","38","108"
"318","Females","Gas","1998","0.8749394","42","82"
"319","Females","Gas","1999","1.0410628","40","98"
"320","Females","Gas","2000","1.0083077","37","97"
"321","Females","Gas","2001","0.8309291","40","81"
"322","Females","Gas","2002","0.7047262","41","70"
"323","Females","Gas","2003","0.715667","37","71"
"324","Females","Gas","2004","0.6416762","44","65"
"325","Females","Gas","2005","0.4384054","48","46"
"326","Females","Gas","2006","0.3852779","44","40"
"327","Females","Gas","2007","0.3865285","37","40"
"328","Females","Gas","2008","0.3113132","43","33"
"329","Females","Gas","2009","0.376579","44","41"
"330","Females","Gas","2010","0.2936927","44","33"
"331","Females","Gas","2011","0.3192656","45.5","37"
"332","Females","Gas","2012","0.2972992","52","36"
"333","Females","Gas","2013","0.2134806","48","25"
"334","Females","Gas","2014","0.2171377","44","26"
"335","Females","Gas","2015","0.27239","51","33"
"336","Females","Gas","2016","0.2","49","26"
"337","Females","Gas","2017","n.p.","48","15"
"338","Females","Gas","2018","0.2","47","24"
"339","Females","Gas","2019","0.2","54","20"
"340","Females","Hanging","1907","n.p.",". .","12"
"341","Females","Hanging","1908","n.p.",". .","15"
"342","Females","Hanging","1909","n.p.",". .","9"
"343","Females","Hanging","1910","n.p.",". .","10"
"344","Females","Hanging","1911","n.p.",". .","10"
"345","Females","Hanging","1912","n.p.",". .","12"
"346","Females","Hanging","1913","1.2950147",". .","22"
"347","Females","Hanging","1914","n.p.",". .","15"
"348","Females","Hanging","1915","n.p.",". .","18"
"349","Females","Hanging","1916","n.p.",". .","11"
"350","Females","Hanging","1917","n.p.",". .","13"
"351","Females","Hanging","1918","n.p.",". .","16"
"352","Females","Hanging","1919","n.p.",". .","15"
"353","Females","Hanging","1920","1.2949133",". .","25"
"354","Females","Hanging","1921","n.p.",". .","13"
"355","Females","Hanging","1922","n.p.",". .","9"
"356","Females","Hanging","1923","n.p.",". .","10"
"357","Females","Hanging","1924","1.067932",". .","21"
"358","Females","Hanging","1925","n.p.",". .","19"
"359","Females","Hanging","1926","1.2007027",". .","26"
"360","Females","Hanging","1927","1.0944056",". .","23"
"361","Females","Hanging","1928","1.0389484",". .","25"
"362","Females","Hanging","1929","n.p.",". .","18"
"363","Females","Hanging","1930","n.p.",". .","16"
"364","Females","Hanging","1931","n.p.",". .","13"
"365","Females","Hanging","1932","n.p.",". .","15"
"366","Females","Hanging","1933","n.p.",". .","16"
"367","Females","Hanging","1934","n.p.",". .","18"
"368","Females","Hanging","1935","0.7483313",". .","23"
"369","Females","Hanging","1936","n.p.",". .","14"
"370","Females","Hanging","1937","n.p.",". .","14"
"371","Females","Hanging","1938","0.9087056",". .","24"
"372","Females","Hanging","1939","0.7285074",". .","23"
"373","Females","Hanging","1940","n.p.",". .","19"
"374","Females","Hanging","1941","0.7550824",". .","24"
"375","Females","Hanging","1942","0.6445366",". .","22"
"376","Females","Hanging","1943","0.8356208",". .","27"
"377","Females","Hanging","1944","0.5783382",". .","20"
"378","Females","Hanging","1945","0.6008628",". .","20"
"379","Females","Hanging","1946","0.9289588",". .","28"
"380","Females","Hanging","1947","0.7443672",". .","27"
"381","Females","Hanging","1948","n.p.",". .","19"
"382","Females","Hanging","1949","0.8378973",". .","31"
"383","Females","Hanging","1950","0.7473118",". .","28"
"384","Females","Hanging","1951","0.7137397",". .","28"
"385","Females","Hanging","1952","0.8945123",". .","32"
"386","Females","Hanging","1953","1.0970167",". .","43"
"387","Females","Hanging","1954","0.9393144",". .","37"
"388","Females","Hanging","1955","1.1918082",". .","47"
"389","Females","Hanging","1956","0.7590789",". .","31"
"390","Females","Hanging","1957","1.0805284",". .","47"
"391","Females","Hanging","1958","0.8781868",". .","39"
"392","Females","Hanging","1959","0.7448053",". .","32"
"393","Females","Hanging","1960","0.655638",". .","29"
"394","Females","Hanging","1961","0.5254707",". .","22"
"395","Females","Hanging","1962","0.7027567",". .","32"
"396","Females","Hanging","1963","0.8450922",". .","40"
"397","Females","Hanging","1964","0.6143024","49","30"
"398","Females","Hanging","1965","0.722071","55","36"
"399","Females","Hanging","1966","0.72559","52","36"
"400","Females","Hanging","1967","0.7494707","52","38"
"401","Females","Hanging","1968","0.5173034","50.5","26"
"402","Females","Hanging","1969","0.4837661","43","25"
"403","Females","Hanging","1970","0.7510093","53.5","40"
"404","Females","Hanging","1971","0.8694158","48.5","48"
"405","Females","Hanging","1972","0.6568005","49","37"
"406","Females","Hanging","1973","0.6381089","52","37"
"407","Females","Hanging","1974","0.6431139","51.5","41"
"408","Females","Hanging","1975","0.8180717","48","49"
"409","Females","Hanging","1976","0.7874808","54","49"
"410","Females","Hanging","1977","0.6874756","49.5","42"
"411","Females","Hanging","1978","0.9938048","50.5","60"
"412","Females","Hanging","1979","0.847535","48","55"
"413","Females","Hanging","1980","0.9006563","47","57"
"414","Females","Hanging","1981","0.6618944","45","44"
"415","Females","Hanging","1982","0.8908554","52","62"
"416","Females","Hanging","1983","0.816336","50.5","58"
"417","Females","Hanging","1984","0.8379319","46.5","62"
"418","Females","Hanging","1985","0.9669649","50","74"
"419","Females","Hanging","1986","0.8739037","46","67"
"420","Females","Hanging","1987","0.9509177","38","78"
"421","Females","Hanging","1988","1.1532047","49","91"
"422","Females","Hanging","1989","1.0767994","51","88"
"423","Females","Hanging","1990","1.1353471","39.5","98"
"424","Females","Hanging","1991","1.256967","42","108"
"425","Females","Hanging","1992","1.0583615","46","93"
"426","Females","Hanging","1993","1.0076631","46","88"
"427","Females","Hanging","1994","1.2006394","41","107"
"428","Females","Hanging","1995","1.2481745","39","114"
"429","Females","Hanging","1996","1.303887","37","120"
"430","Females","Hanging","1997","1.8744396","35","175"
"431","Females","Hanging","1998","1.9436547","35","182"
"432","Females","Hanging","1999","1.6893552","35","160"
"433","Females","Hanging","2000","1.8985861","33","182"
"434","Females","Hanging","2001","2.0014666","38","195"
"435","Females","Hanging","2002","2.0004479","40","199"
"436","Females","Hanging","2003","1.7705412","35","176"
"437","Females","Hanging","2004","1.7350385","38","176"
"438","Females","Hanging","2005","1.801693","38","183"
"439","Females","Hanging","2006","2.0003633","37","208"
"440","Females","Hanging","2007","2.0589027","38","216"
"441","Females","Hanging","2008","2.0066472","38","215"
"442","Females","Hanging","2009","2.1071663","36","228"
"443","Females","Hanging","2010","2.2929637","38","256"
"444","Females","Hanging","2011","2.4143849","36","271"
"445","Females","Hanging","2012","2.7003475","37","301"
"446","Females","Hanging","2013","2.6258213","40","305"
"447","Females","Hanging","2014","3.0156987","36","349"
"448","Females","Hanging","2015","3.1407352","37","364"
"449","Females","Hanging","2016","2.9","35","345"
"450","Females","Hanging","2017","3.2","40","386"
"451","Females","Hanging","2018","3","38","361"
"452","Females","Hanging","2019","3.3","38","411"
"453","Females","Other mechanisms","1907",". .",". .",". ."
"454","Females","Other mechanisms","1908",". .",". .",". ."
"455","Females","Other mechanisms","1909",". .",". .",". ."
"456","Females","Other mechanisms","1910",". .",". .",". ."
"457","Females","Other mechanisms","1911",". .",". .",". ."
"458","Females","Other mechanisms","1912",". .",". .",". ."
"459","Females","Other mechanisms","1913",". .",". .",". ."
"460","Females","Other mechanisms","1914",". .",". .",". ."
"461","Females","Other mechanisms","1915",". .",". .",". ."
"462","Females","Other mechanisms","1916",". .",". .",". ."
"463","Females","Other mechanisms","1917",". .",". .",". ."
"464","Females","Other mechanisms","1918",". .",". .",". ."
"465","Females","Other mechanisms","1919",". .",". .",". ."
"466","Females","Other mechanisms","1920",". .",". .",". ."
"467","Females","Other mechanisms","1921",". .",". .",". ."
"468","Females","Other mechanisms","1922",". .",". .",". ."
"469","Females","Other mechanisms","1923",". .",". .",". ."
"470","Females","Other mechanisms","1924",". .",". .",". ."
"471","Females","Other mechanisms","1925",". .",". .",". ."
"472","Females","Other mechanisms","1926",". .",". .",". ."
"473","Females","Other mechanisms","1927",". .",". .",". ."
"474","Females","Other mechanisms","1928",". .",". .",". ."
"475","Females","Other mechanisms","1929",". .",". .",". ."
"476","Females","Other mechanisms","1930",". .",". .",". ."
"477","Females","Other mechanisms","1931",". .",". .",". ."
"478","Females","Other mechanisms","1932",". .",". .",". ."
"479","Females","Other mechanisms","1933",". .",". .",". ."
"480","Females","Other mechanisms","1934",". .",". .",". ."
"481","Females","Other mechanisms","1935",". .",". .",". ."
"482","Females","Other mechanisms","1936",". .",". .",". ."
"483","Females","Other mechanisms","1937",". .",". .",". ."
"484","Females","Other mechanisms","1938",". .",". .",". ."
"485","Females","Other mechanisms","1939",". .",". .",". ."
"486","Females","Other mechanisms","1940",". .",". .",". ."
"487","Females","Other mechanisms","1941",". .",". .",". ."
"488","Females","Other mechanisms","1942",". .",". .",". ."
"489","Females","Other mechanisms","1943",". .",". .",". ."
"490","Females","Other mechanisms","1944",". .",". .",". ."
"491","Females","Other mechanisms","1945",". .",". .",". ."
"492","Females","Other mechanisms","1946",". .",". .",". ."
"493","Females","Other mechanisms","1947",". .",". .",". ."
"494","Females","Other mechanisms","1948",". .",". .",". ."
"495","Females","Other mechanisms","1949",". .",". .",". ."
"496","Females","Other mechanisms","1950",". .",". .",". ."
"497","Females","Other mechanisms","1951",". .",". .",". ."
"498","Females","Other mechanisms","1952",". .",". .",". ."
"499","Females","Other mechanisms","1953",". .",". .",". ."
"500","Females","Other mechanisms","1954",". .",". .",". ."
"501","Females","Other mechanisms","1955",". .",". .",". ."
"502","Females","Other mechanisms","1956",". .",". .",". ."
"503","Females","Other mechanisms","1957",". .",". .",". ."
"504","Females","Other mechanisms","1958",". .",". .",". ."
"505","Females","Other mechanisms","1959",". .",". .",". ."
"506","Females","Other mechanisms","1960",". .",". .",". ."
"507","Females","Other mechanisms","1961",". .",". .",". ."
"508","Females","Other mechanisms","1962",". .",". .",". ."
"509","Females","Other mechanisms","1963",". .",". .",". ."
"510","Females","Other mechanisms","1964","1.1523177","49.5","56"
"511","Females","Other mechanisms","1965","1.2053851","46.5","58"
"512","Females","Other mechanisms","1966","1.0452456","47","51"
"513","Females","Other mechanisms","1967","1.8110228","55","91"
"514","Females","Other mechanisms","1968","1.3373016","52.5","68"
"515","Females","Other mechanisms","1969","1.1906331","50","63"
"516","Females","Other mechanisms","1970","1.3456608","50.5","72"
"517","Females","Other mechanisms","1971","1.5422274","50","85"
"518","Females","Other mechanisms","1972","1.1673692","48","65"
"519","Females","Other mechanisms","1973","1.428475","49","85"
"520","Females","Other mechanisms","1974","1.4471713","53","85"
"521","Females","Other mechanisms","1975","1.3873142","49","83"
"522","Females","Other mechanisms","1976","1.1923628","53","74"
"523","Females","Other mechanisms","1977","1.3499363","47","86"
"524","Females","Other mechanisms","1978","1.4009424","50","90"
"525","Females","Other mechanisms","1979","1.4818697","50","97"
"526","Females","Other mechanisms","1980","1.2612006","42","87"
"527","Females","Other mechanisms","1981","1.576832","52","104"
"528","Females","Other mechanisms","1982","1.5964992","52","111"
"529","Females","Other mechanisms","1983","1.189551","56","85"
"530","Females","Other mechanisms","1984","1.3712543","44","101"
"531","Females","Other mechanisms","1985","1.1241809","49.5","82"
"532","Females","Other mechanisms","1986","1.348098","47","102"
"533","Females","Other mechanisms","1987","1.2291294","53","94"
"534","Females","Other mechanisms","1988","1.0792298","48","87"
"535","Females","Other mechanisms","1989","1.30856","45","105"
"536","Females","Other mechanisms","1990","1.0273635","48","84"
"537","Females","Other mechanisms","1991","1.3186908","43","115"
"538","Females","Other mechanisms","1992","1.2555109","43","108"
"539","Females","Other mechanisms","1993","1.087299","45","95"
"540","Females","Other mechanisms","1994","0.9653157","38","87"
"541","Females","Other mechanisms","1995","1.1418934","39","103"
"542","Females","Other mechanisms","1996","0.7446176","41","68"
"543","Females","Other mechanisms","1997","1.2658057","44.5","116"
"544","Females","Other mechanisms","1998","1.0019757","42","94"
"545","Females","Other mechanisms","1999","0.9833164","44","94"
"546","Females","Other mechanisms","2000","0.8305796","41","80"
"547","Females","Other mechanisms","2001","0.8620733","47","86"
"548","Females","Other mechanisms","2002","0.8580792","42","85"
"549","Females","Other mechanisms","2003","0.8713652","46","87"
"550","Females","Other mechanisms","2004","0.8098427","43","83"
"551","Females","Other mechanisms","2005","0.7868428","40","80"
"552","Females","Other mechanisms","2006","0.9130194","50","97"
"553","Females","Other mechanisms","2007","0.8643693","45","92"
"554","Females","Other mechanisms","2008","1.0123344","47","110"
"555","Females","Other mechanisms","2009","0.8756653","50","100"
"556","Females","Other mechanisms","2010","0.8875735","45","100"
"557","Females","Other mechanisms","2011","0.7963039","46","92"
"558","Females","Other mechanisms","2012","1.0278967","47","121"
"559","Females","Other mechanisms","2013","0.9581447","46","113"
"560","Females","Other mechanisms","2014","0.9251257","48","113"
"561","Females","Other mechanisms","2015","1.0561757","49","131"
"562","Females","Other mechanisms","2016","1.1","46","138"
"563","Females","Other mechanisms","2017","1.3","50","165"
"564","Females","Other mechanisms","2018","1","48","130"
"565","Females","Other mechanisms","2019","1","44","135"
"566","Females","Poisons (excl. gas)","1907","2.0685112",". .","32"
"567","Females","Poisons (excl. gas)","1908","1.5906878",". .","35"
"568","Females","Poisons (excl. gas)","1909","2.8069882",". .","54"
"569","Females","Poisons (excl. gas)","1910","1.8310276",". .","34"
"570","Females","Poisons (excl. gas)","1911","2.8574147",". .","52"
"571","Females","Poisons (excl. gas)","1912","3.3590651",". .","70"
"572","Females","Poisons (excl. gas)","1913","3.7222035",". .","76"
"573","Females","Poisons (excl. gas)","1914","3.0308604",". .","61"
"574","Females","Poisons (excl. gas)","1915","3.1311255",". .","64"
"575","Females","Poisons (excl. gas)","1916","2.3074853",". .","52"
"576","Females","Poisons (excl. gas)","1917","1.799552",". .","45"
"577","Females","Poisons (excl. gas)","1918","1.1805562",". .","31"
"578","Females","Poisons (excl. gas)","1919","2.2410289",". .","47"
"579","Females","Poisons (excl. gas)","1920","2.1870426",". .","55"
"580","Females","Poisons (excl. gas)","1921","2.4123426",". .","54"
"581","Females","Poisons (excl. gas)","1922","1.6187133",". .","44"
"582","Females","Poisons (excl. gas)","1923","1.7125096",". .","43"
"583","Females","Poisons (excl. gas)","1924","1.6669615",". .","44"
"584","Females","Poisons (excl. gas)","1925","2.0395341",". .","57"
"585","Females","Poisons (excl. gas)","1926","1.7725151",". .","44"
"586","Females","Poisons (excl. gas)","1927","2.5843366",". .","71"
"587","Females","Poisons (excl. gas)","1928","2.0779044",". .","61"
"588","Females","Poisons (excl. gas)","1929","2.1295936",". .","62"
"589","Females","Poisons (excl. gas)","1930","2.3397696",". .","73"
"590","Females","Poisons (excl. gas)","1931","1.2957266",". .","42"
"591","Females","Poisons (excl. gas)","1932","2.2471863",". .","70"
"592","Females","Poisons (excl. gas)","1933","2.2811365",". .","72"
"593","Females","Poisons (excl. gas)","1934","2.1798268",". .","68"
"594","Females","Poisons (excl. gas)","1935","2.7378694",". .","82"
"595","Females","Poisons (excl. gas)","1936","2.3632027",". .","75"
"596","Females","Poisons (excl. gas)","1937","1.6592129",". .","54"
"597","Females","Poisons (excl. gas)","1938","2.0883051",". .","67"
"598","Females","Poisons (excl. gas)","1939","2.1070606",". .","70"
"599","Females","Poisons (excl. gas)","1940","1.8970325",". .","62"
"600","Females","Poisons (excl. gas)","1941","1.7844685",". .","62"
"601","Females","Poisons (excl. gas)","1942","1.7628012",". .","60"
"602","Females","Poisons (excl. gas)","1943","1.2407084",". .","41"
"603","Females","Poisons (excl. gas)","1944","1.5445789",". .","53"
"604","Females","Poisons (excl. gas)","1945","1.6757151",". .","60"
"605","Females","Poisons (excl. gas)","1946","2.0245639",". .","70"
"606","Females","Poisons (excl. gas)","1947","1.9737887",". .","70"
"607","Females","Poisons (excl. gas)","1948","1.6854364",". .","61"
"608","Females","Poisons (excl. gas)","1949","1.517624",". .","57"
"609","Females","Poisons (excl. gas)","1950","1.6117542",". .","61"
"610","Females","Poisons (excl. gas)","1951","1.4946007",". .","56"
"611","Females","Poisons (excl. gas)","1952","2.0048985",". .","77"
"612","Females","Poisons (excl. gas)","1953","2.2915113",". .","88"
"613","Females","Poisons (excl. gas)","1954","1.7637763",". .","71"
"614","Females","Poisons (excl. gas)","1955","1.7157462",". .","68"
"615","Females","Poisons (excl. gas)","1956","2.3505439",". .","95"
"616","Females","Poisons (excl. gas)","1957","2.926365",". .","125"
"617","Females","Poisons (excl. gas)","1958","2.6157195",". .","115"
"618","Females","Poisons (excl. gas)","1959","2.9950695",". .","130"
"619","Females","Poisons (excl. gas)","1960","3.3183134",". .","148"
"620","Females","Poisons (excl. gas)","1961","3.7814261",". .","175"
"621","Females","Poisons (excl. gas)","1962","5.3901774",". .","248"
"622","Females","Poisons (excl. gas)","1963","7.2469489",". .","340"
"623","Females","Poisons (excl. gas)","1964","7.7932595","47","371"
"624","Females","Poisons (excl. gas)","1965","8.2429135","46","405"
"625","Females","Poisons (excl. gas)","1966","8.1967323","45","407"
"626","Females","Poisons (excl. gas)","1967","8.423718","46","425"
"627","Females","Poisons (excl. gas)","1968","6.3586084","48","325"
"628","Females","Poisons (excl. gas)","1969","5.7977126","49","303"
"629","Females","Poisons (excl. gas)","1970","5.2176659","46","282"
"630","Females","Poisons (excl. gas)","1971","6.8273684","45","390"
"631","Females","Poisons (excl. gas)","1972","6.4797112","46","374"
"632","Females","Poisons (excl. gas)","1973","5.1990483","46","307"
"633","Females","Poisons (excl. gas)","1974","4.9724454","46","297"
"634","Females","Poisons (excl. gas)","1975","4.7080069","47","282"
"635","Females","Poisons (excl. gas)","1976","3.5816704","48","221"
"636","Females","Poisons (excl. gas)","1977","3.905706","46","243"
"637","Females","Poisons (excl. gas)","1978","3.8292888","44","249"
"638","Females","Poisons (excl. gas)","1979","3.8060437","45","253"
"639","Females","Poisons (excl. gas)","1980","2.9030664","41","193"
"640","Females","Poisons (excl. gas)","1981","2.8063258","43","193"
"641","Females","Poisons (excl. gas)","1982","3.1881552","46.5","216"
"642","Females","Poisons (excl. gas)","1983","2.9027456","46","206"
"643","Females","Poisons (excl. gas)","1984","2.2766142","46","161"
"644","Females","Poisons (excl. gas)","1985","1.9497599","48","146"
"645","Females","Poisons (excl. gas)","1986","2.3886687","45","179"
"646","Females","Poisons (excl. gas)","1987","2.675361","42","207"
"647","Females","Poisons (excl. gas)","1988","2.3675223","44","187"
"648","Females","Poisons (excl. gas)","1989","1.9798007","44","161"
"649","Females","Poisons (excl. gas)","1990","1.9638092","44","162"
"650","Females","Poisons (excl. gas)","1991","2.309808","43","193"
"651","Females","Poisons (excl. gas)","1992","2.1567913","41","186"
"652","Females","Poisons (excl. gas)","1993","1.5856196","42","137"
"653","Females","Poisons (excl. gas)","1994","1.7735739","44","156"
"654","Females","Poisons (excl. gas)","1995","1.8232723","45","161"
"655","Females","Poisons (excl. gas)","1996","1.9815926","43","179"
"656","Females","Poisons (excl. gas)","1997","1.6941553","43","157"
"657","Females","Poisons (excl. gas)","1998","1.6617032","41","158"
"658","Females","Poisons (excl. gas)","1999","1.3084705","43","125"
"659","Females","Poisons (excl. gas)","2000","1.3845899","44","134"
"660","Females","Poisons (excl. gas)","2001","1.4120032","45","139"
"661","Females","Poisons (excl. gas)","2002","1.3864184","46","138"
"662","Females","Poisons (excl. gas)","2003","1.3296242","45.5","134"
"663","Females","Poisons (excl. gas)","2004","1.0603335","44.5","108"
"664","Females","Poisons (excl. gas)","2005","1.1905319","49.5","124"
"665","Females","Poisons (excl. gas)","2006","1.3106024","52","139"
"666","Females","Poisons (excl. gas)","2007","1.5973005","52","174"
"667","Females","Poisons (excl. gas)","2008","1.2882509","47","138"
"668","Females","Poisons (excl. gas)","2009","1.5397592","50","175"
"669","Females","Poisons (excl. gas)","2010","1.4215896","50","163"
"670","Females","Poisons (excl. gas)","2011","1.4841261","49.5","174"
"671","Females","Poisons (excl. gas)","2012","1.5398035","51.5","184"
"672","Females","Poisons (excl. gas)","2013","1.7516613","50.5","216"
"673","Females","Poisons (excl. gas)","2014","1.7709302","51","221"
"674","Females","Poisons (excl. gas)","2015","1.8304302","52","233"
"675","Females","Poisons (excl. gas)","2016","1.7","53","217"
"676","Females","Poisons (excl. gas)","2017","2","54","261"
"677","Females","Poisons (excl. gas)","2018","1.7","56","227"
"678","Females","Poisons (excl. gas)","2019","1.8","55","242"
"679","Males","All mechanisms","1907","26.694265",". .","385"
"680","Males","All mechanisms","1908","25.347353",". .","413"
"681","Males","All mechanisms","1909","25.010777",". .","398"
"682","Males","All mechanisms","1910","26.719395",". .","432"
"683","Males","All mechanisms","1911","26.071404",". .","446"
"684","Males","All mechanisms","1912","27.995992",". .","514"
"685","Males","All mechanisms","1913","27.996913",". .","516"
"686","Males","All mechanisms","1914","28.098961",". .","534"
"687","Males","All mechanisms","1915","29.062544",". .","537"
"688","Males","All mechanisms","1916","24.975613",". .","466"
"689","Males","All mechanisms","1917","21.219313",". .","408"
"690","Males","All mechanisms","1918","21.191652",". .","408"
"691","Males","All mechanisms","1919","21.370183",". .","440"
"692","Males","All mechanisms","1920","26.355633",". .","516"
"693","Males","All mechanisms","1921","23.799437",". .","510"
"694","Males","All mechanisms","1922","21.355633",". .","441"
"695","Males","All mechanisms","1923","21.745575",". .","492"
"696","Males","All mechanisms","1924","23.282278",". .","534"
"697","Males","All mechanisms","1925","25.24886",". .","569"
"698","Males","All mechanisms","1926","24.415377",". .","583"
"699","Males","All mechanisms","1927","24.359454",". .","598"
"700","Males","All mechanisms","1928","26.032767",". .","635"
"701","Males","All mechanisms","1929","23.85409",". .","644"
"702","Males","All mechanisms","1930","29.811501",". .","791"
"703","Males","All mechanisms","1931","26.48876",". .","689"
"704","Males","All mechanisms","1932","22.309652",". .","598"
"705","Males","All mechanisms","1933","22.562128",". .","633"
"706","Males","All mechanisms","1934","23.47082",". .","643"
"707","Males","All mechanisms","1935","21.996594",". .","612"
"708","Males","All mechanisms","1936","21.754291",". .","611"
"709","Males","All mechanisms","1937","19.855349",". .","573"
"710","Males","All mechanisms","1938","19.520225",". .","574"
"711","Males","All mechanisms","1939","20.364503",". .","602"
"712","Males","All mechanisms","1940","18.610279",". .","568"
"713","Males","All mechanisms","1941","15.693309",". .","463"
"714","Males","All mechanisms","1942","13.931795",". .","432"
"715","Males","All mechanisms","1943","12.82597",". .","376"
"716","Males","All mechanisms","1944","11.967415",". .","362"
"717","Males","All mechanisms","1945","12.789059",". .","394"
"718","Males","All mechanisms","1946","16.132097",". .","513"
"719","Males","All mechanisms","1947","17.133364",". .","546"
"720","Males","All mechanisms","1948","17.934263",". .","578"
"721","Males","All mechanisms","1949","17.775001",". .","599"
"722","Males","All mechanisms","1950","16.711891",". .","567"
"723","Males","All mechanisms","1951","16.46323",". .","608"
"724","Males","All mechanisms","1952","18.656603",". .","694"
"725","Males","All mechanisms","1953","18.622697",". .","698"
"726","Males","All mechanisms","1954","18.922246",". .","724"
"727","Males","All mechanisms","1955","18.073519",". .","701"
"728","Males","All mechanisms","1956","18.609603",". .","751"
"729","Males","All mechanisms","1957","20.795828",". .","844"
"730","Males","All mechanisms","1958","22.028405",". .","910"
"731","Males","All mechanisms","1959","19.485666",". .","827"
"732","Males","All mechanisms","1960","17.962066",". .","778"
"733","Males","All mechanisms","1961","20.151751",". .","901"
"734","Males","All mechanisms","1962","22.510274",". .","1011"
"735","Males","All mechanisms","1963","24.964694",". .","1143"
"736","Males","All mechanisms","1964","23.276663","46","1071"
"737","Males","All mechanisms","1965","22.334844","45","1075"
"738","Males","All mechanisms","1966","21.257443","47","1017"
"739","Males","All mechanisms","1967","23.020759","45","1125"
"740","Males","All mechanisms","1968","20.428645","46","1022"
"741","Males","All mechanisms","1969","20.329184","44","1025"
"742","Males","All mechanisms","1970","20.642159","45","1076"
"743","Males","All mechanisms","1971","20.943251","44","1150"
"744","Males","All mechanisms","1972","19.289951","44","1085"
"745","Males","All mechanisms","1973","17.952658","44","1036"
"746","Males","All mechanisms","1974","18.241194","44","1073"
"747","Males","All mechanisms","1975","17.633651","43","1050"
"748","Males","All mechanisms","1976","17.966023","41.5","1098"
"749","Males","All mechanisms","1977","18.137791","42","1128"
"750","Males","All mechanisms","1978","17.462612","39","1126"
"751","Males","All mechanisms","1979","18.174717","39","1198"
"752","Males","All mechanisms","1980","18.118688","39","1199"
"753","Males","All mechanisms","1981","18.726711","40","1259"
"754","Males","All mechanisms","1982","18.950561","38","1318"
"755","Males","All mechanisms","1983","18.594096","38","1308"
"756","Males","All mechanisms","1984","18.06271","38.5","1309"
"757","Males","All mechanisms","1985","19.067239","36","1428"
"758","Males","All mechanisms","1986","20.245839","38","1531"
"759","Males","All mechanisms","1987","23.30122","39","1773"
"760","Males","All mechanisms","1988","21.905895","37","1730"
"761","Males","All mechanisms","1989","20.554625","36","1658"
"762","Males","All mechanisms","1990","21.004965","36","1735"
"763","Males","All mechanisms","1991","22.152448","37","1847"
"764","Males","All mechanisms","1992","21.349795","37","1820"
"765","Males","All mechanisms","1993","19.665193","37","1687"
"766","Males","All mechanisms","1994","21.093427","38","1830"
"767","Males","All mechanisms","1995","21.21226","37","1873"
"768","Males","All mechanisms","1996","21.615502","38","1931"
"769","Males","All mechanisms","1997","23.716","37","2145"
"770","Males","All mechanisms","1998","23.35793","36","2150"
"771","Males","All mechanisms","1999","21.734338","38","2002"
"772","Males","All mechanisms","2000","20.019379","39","1864"
"773","Males","All mechanisms","2001","20.470846","39","1936"
"774","Males","All mechanisms","2002","18.984416","39","1817"
"775","Males","All mechanisms","2003","17.914424","40","1737"
"776","Males","All mechanisms","2004","16.964809","41","1661"
"777","Males","All mechanisms","2005","16.662653","41","1658"
"778","Males","All mechanisms","2006","16.026471","43","1624"
"779","Males","All mechanisms","2007","16.451598","41","1699"
"780","Males","All mechanisms","2008","17.369796","42","1833"
"781","Males","All mechanisms","2009","16.529996","43","1785"
"782","Males","All mechanisms","2010","17.494787","43","1914"
"783","Males","All mechanisms","2011","16.207465","43","1812"
"784","Males","All mechanisms","2012","17.027363","44","1930"
"785","Males","All mechanisms","2013","16.815463","44","1944"
"786","Males","All mechanisms","2014","18.829264","44","2208"
"787","Males","All mechanisms","2015","19.665045","44","2329"
"788","Males","All mechanisms","2016","18","43","2171"
"789","Males","All mechanisms","2017","20","44","2450"
"790","Males","All mechanisms","2018","19.2","44","2392"
"791","Males","All mechanisms","2019","19.8","44","2502"
"792","Males","Firearms","1907","8.4065698",". .","129"
"793","Males","Firearms","1908","8.2687599",". .","146"
"794","Males","Firearms","1909","8.4779111",". .","138"
"795","Males","Firearms","1910","7.8580842",". .","134"
"796","Males","Firearms","1911","7.027054",". .","133"
"797","Males","Firearms","1912","8.9138199",". .","168"
"798","Males","Firearms","1913","8.2175854",". .","163"
"799","Males","Firearms","1914","10.240441",". .","201"
"800","Males","Firearms","1915","9.7259782",". .","196"
"801","Males","Firearms","1916","9.1730781",". .","175"
"802","Males","Firearms","1917","6.9604976",". .","144"
"803","Males","Firearms","1918","7.1189329",". .","154"
"804","Males","Firearms","1919","6.5215813",". .","148"
"805","Males","Firearms","1920","9.4457604",". .","191"
"806","Males","Firearms","1921","7.735832",". .","168"
"807","Males","Firearms","1922","5.3700887",". .","119"
"808","Males","Firearms","1923","6.2106735",". .","141"
"809","Males","Firearms","1924","6.7633584",". .","167"
"810","Males","Firearms","1925","6.6422567",". .","169"
"811","Males","Firearms","1926","6.9180814",". .","172"
"812","Males","Firearms","1927","7.2354",". .","189"
"813","Males","Firearms","1928","6.8305176",". .","181"
"814","Males","Firearms","1929","7.0798286",". .","203"
"815","Males","Firearms","1930","8.5345146",". .","239"
"816","Males","Firearms","1931","8.3478931",". .","231"
"817","Males","Firearms","1932","5.8621685",". .","169"
"818","Males","Firearms","1933","6.5476813",". .","196"
"819","Males","Firearms","1934","7.1206182",". .","202"
"820","Males","Firearms","1935","6.8509889",". .","197"
"821","Males","Firearms","1936","7.2878683",". .","226"
"822","Males","Firearms","1937","6.1439742",". .","190"
"823","Males","Firearms","1938","6.9360933",". .","207"
"824","Males","Firearms","1939","5.8506221",". .","187"
"825","Males","Firearms","1940","6.5482268",". .","216"
"826","Males","Firearms","1941","4.6827143",". .","149"
"827","Males","Firearms","1942","4.2527904",". .","134"
"828","Males","Firearms","1943","3.4283505",". .","106"
"829","Males","Firearms","1944","3.2822562",". .","105"
"830","Males","Firearms","1945","3.5966695",". .","112"
"831","Males","Firearms","1946","4.8152355",". .","160"
"832","Males","Firearms","1947","5.2808716",". .","177"
"833","Males","Firearms","1948","4.9036915",". .","165"
"834","Males","Firearms","1949","5.6135363",". .","199"
"835","Males","Firearms","1950","5.0313862",". .","176"
"836","Males","Firearms","1951","5.2049695",". .","200"
"837","Males","Firearms","1952","6.2426502",". .","242"
"838","Males","Firearms","1953","5.8886093",". .","227"
"839","Males","Firearms","1954","6.8312468",". .","265"
"840","Males","Firearms","1955","6.5326707",". .","253"
"841","Males","Firearms","1956","6.2329601",". .","258"
"842","Males","Firearms","1957","7.2534002",". .","298"
"843","Males","Firearms","1958","7.4762148",". .","319"
"844","Males","Firearms","1959","6.7958552",". .","297"
"845","Males","Firearms","1960","5.8750742",". .","266"
"846","Males","Firearms","1961","6.2294693",". .","289"
"847","Males","Firearms","1962","7.124137",". .","315"
"848","Males","Firearms","1963","6.7229204",". .","312"
"849","Males","Firearms","1964","6.8581366","45","321"
"850","Males","Firearms","1965","6.2252398","43","304"
"851","Males","Firearms","1966","6.5179361","46","311"
"852","Males","Firearms","1967","6.7207485","45","329"
"853","Males","Firearms","1968","6.477638","44","329"
"854","Males","Firearms","1969","5.9414399","43","303"
"855","Males","Firearms","1970","7.1263364","44","376"
"856","Males","Firearms","1971","6.7900605","43.5","374"
"857","Males","Firearms","1972","6.2043456","43","354"
"858","Males","Firearms","1973","6.4122729","42","376"
"859","Males","Firearms","1974","6.4501435","41","386"
"860","Males","Firearms","1975","6.0682631","41","365"
"861","Males","Firearms","1976","6.4900006","40","398"
"862","Males","Firearms","1977","5.9503052","39","384"
"863","Males","Firearms","1978","6.4714496","36","432"
"864","Males","Firearms","1979","7.2282255","38","485"
"865","Males","Firearms","1980","7.1143966","37","480"
"866","Males","Firearms","1981","6.570374","38","455"
"867","Males","Firearms","1982","7.16679","35.5","508"
"868","Males","Firearms","1983","6.6678657","36","485"
"869","Males","Firearms","1984","6.5117378","36","478"
"870","Males","Firearms","1985","6.6926087","35","507"
"871","Males","Firearms","1986","6.8132121","39","508"
"872","Males","Firearms","1987","7.1538218","42","534"
"873","Males","Firearms","1988","6.1105222","36","489"
"874","Males","Firearms","1989","5.2077299","36","421"
"875","Males","Firearms","1990","5.4797068","36.5","456"
"876","Males","Firearms","1991","5.8798279","37","487"
"877","Males","Firearms","1992","5.4435448","39","464"
"878","Males","Firearms","1993","5.0355332","42.5","418"
"879","Males","Firearms","1994","4.6794877","43","400"
"880","Males","Firearms","1995","4.2699657","41.5","366"
"881","Males","Firearms","1996","4.2155055","43","369"
"882","Males","Firearms","1997","3.4978928","47","309"
"883","Males","Firearms","1998","2.4392839","44.5","218"
"884","Males","Firearms","1999","2.8693594","49","257"
"885","Males","Firearms","2000","2.3470095","48","213"
"886","Males","Firearms","2001","2.6019352","47.5","242"
"887","Males","Firearms","2002","2.1711282","51","207"
"888","Males","Firearms","2003","1.9353752","51","185"
"889","Males","Firearms","2004","1.6825633","52","164"
"890","Males","Firearms","2005","1.3691685","53","136"
"891","Males","Firearms","2006","1.7096951","55","175"
"892","Males","Firearms","2007","1.759987","51","183"
"893","Males","Firearms","2008","1.603218","54","171"
"894","Males","Firearms","2009","1.5397811","55","166"
"895","Males","Firearms","2010","1.4252813","60","158"
"896","Males","Firearms","2011","1.2084771","61","137"
"897","Males","Firearms","2012","1.4598636","60","170"
"898","Males","Firearms","2013","1.3715884","55","161"
"899","Males","Firearms","2014","1.4558412","59.5","178"
"900","Males","Firearms","2015","1.4941871","58.5","182"
"901","Males","Firearms","2016","1.4","59","175"
"902","Males","Firearms","2017","1.3","59","161"
"903","Males","Firearms","2018","1.3","62","169"
"904","Males","Firearms","2019","1.3","58","172"
"905","Males","Gas","1907",". .",". .",". ."
"906","Males","Gas","1908",". .",". .",". ."
"907","Males","Gas","1909",". .",". .",". ."
"908","Males","Gas","1910",". .",". .",". ."
"909","Males","Gas","1911",". .",". .",". ."
"910","Males","Gas","1912",". .",". .",". ."
"911","Males","Gas","1913",". .",". .",". ."
"912","Males","Gas","1914",". .",". .",". ."
"913","Males","Gas","1915",". .",". .",". ."
"914","Males","Gas","1916",". .",". .",". ."
"915","Males","Gas","1917",". .",". .",". ."
"916","Males","Gas","1918",". .",". .",". ."
"917","Males","Gas","1919",". .",". .",". ."
"918","Males","Gas","1920",". .",". .",". ."
"919","Males","Gas","1921",". .",". .",". ."
"920","Males","Gas","1922","n.p.",". .","n.p."
"921","Males","Gas","1923","n.p.",". .","6"
"922","Males","Gas","1924","n.p.",". .","7"
"923","Males","Gas","1925","n.p.",". .","10"
"924","Males","Gas","1926","n.p.",". .","14"
"925","Males","Gas","1927","n.p.",". .","13"
"926","Males","Gas","1928","0.9913103",". .","25"
"927","Males","Gas","1929","0.9835981",". .","23"
"928","Males","Gas","1930","1.9052782",". .","49"
"929","Males","Gas","1931","1.5420817",". .","39"
"930","Males","Gas","1932","1.1173656",". .","31"
"931","Males","Gas","1933","1.3674257",". .","40"
"932","Males","Gas","1934","1.4862536",". .","41"
"933","Males","Gas","1935","1.4348475",". .","44"
"934","Males","Gas","1936","1.4418357",". .","43"
"935","Males","Gas","1937","1.4715976",". .","45"
"936","Males","Gas","1938","1.2156719",". .","38"
"937","Males","Gas","1939","1.6063677",". .","51"
"938","Males","Gas","1940","1.1350946",". .","36"
"939","Males","Gas","1941","1.7439991",". .","54"
"940","Males","Gas","1942","1.4664309",". .","45"
"941","Males","Gas","1943","1.3239696",". .","37"
"942","Males","Gas","1944","1.3829056",". .","42"
"943","Males","Gas","1945","1.2234972",". .","37"
"944","Males","Gas","1946","1.4950437",". .","42"
"945","Males","Gas","1947","0.9954792",". .","35"
"946","Males","Gas","1948","1.8462099",". .","62"
"947","Males","Gas","1949","1.7795955",". .","59"
"948","Males","Gas","1950","1.5550526",". .","53"
"949","Males","Gas","1951","1.5551995",". .","58"
"950","Males","Gas","1952","2.2241398",". .","82"
"951","Males","Gas","1953","2.0433599",". .","78"
"952","Males","Gas","1954","2.1772051",". .","87"
"953","Males","Gas","1955","2.8660151",". .","109"
"954","Males","Gas","1956","3.3604111",". .","132"
"955","Males","Gas","1957","2.4425825",". .","101"
"956","Males","Gas","1958","3.2765874",". .","142"
"957","Males","Gas","1959","2.5755933",". .","110"
"958","Males","Gas","1960","2.979362",". .","130"
"959","Males","Gas","1961","3.7066717",". .","162"
"960","Males","Gas","1962","4.0754518",". .","186"
"961","Males","Gas","1963","4.7956111",". .","225"
"962","Males","Gas","1964","3.927065","43","181"
"963","Males","Gas","1965","3.2537968","41","155"
"964","Males","Gas","1966","2.9977517","44","146"
"965","Males","Gas","1967","4.0542501","44","193"
"966","Males","Gas","1968","3.2725634","40","167"
"967","Males","Gas","1969","3.544108","42","179"
"968","Males","Gas","1970","3.0137069","42","161"
"969","Males","Gas","1971","2.9875074","39","172"
"970","Males","Gas","1972","3.4446829","40","204"
"971","Males","Gas","1973","2.9077215","41","175"
"972","Males","Gas","1974","2.7952401","38","172"
"973","Males","Gas","1975","2.6186417","38.5","162"
"974","Males","Gas","1976","2.8232554","39","179"
"975","Males","Gas","1977","3.4666445","42","220"
"976","Males","Gas","1978","2.6354419","37","177"
"977","Males","Gas","1979","2.5285699","36","167"
"978","Males","Gas","1980","2.9609025","38","198"
"979","Males","Gas","1981","3.0285676","38","211"
"980","Males","Gas","1982","2.9878725","37","209"
"981","Males","Gas","1983","2.8867915","36","207"
"982","Males","Gas","1984","3.2018679","38.5","230"
"983","Males","Gas","1985","3.7726835","36","292"
"984","Males","Gas","1986","4.5892926","37","356"
"985","Males","Gas","1987","4.7680437","38","374"
"986","Males","Gas","1988","4.5993475","37","366"
"987","Males","Gas","1989","4.4915829","37","365"
"988","Males","Gas","1990","4.6857187","38","387"
"989","Males","Gas","1991","4.9134928","37","414"
"990","Males","Gas","1992","4.8981134","37","419"
"991","Males","Gas","1993","4.0415825","38","353"
"992","Males","Gas","1994","4.516224","38.5","394"
"993","Males","Gas","1995","4.7625412","38","427"
"994","Males","Gas","1996","5.0610108","39","450"
"995","Males","Gas","1997","5.8067138","40","525"
"996","Males","Gas","1998","5.2013065","39","478"
"997","Males","Gas","1999","5.0702343","38","473"
"998","Males","Gas","2000","4.7732359","41","441"
"999","Males","Gas","2001","4.2444768","41","403"
"1000","Males","Gas","2002","3.5805565","42","346"
"1001","Males","Gas","2003","3.2602712","41","317"
"1002","Males","Gas","2004","3.1753705","41","312"
"1003","Males","Gas","2005","2.7805936","44","278"
"1004","Males","Gas","2006","2.2539392","45","228"
"1005","Males","Gas","2007","1.9106548","45","201"
"1006","Males","Gas","2008","1.862578","44","197"
"1007","Males","Gas","2009","1.917329","45","209"
"1008","Males","Gas","2010","1.7527214","42","189"
"1009","Males","Gas","2011","1.4689994","47","165"
"1010","Males","Gas","2012","1.4147823","47","159"
"1011","Males","Gas","2013","1.2819753","51","150"
"1012","Males","Gas","2014","1.2459686","50.5","148"
"1013","Males","Gas","2015","1.3044716","44","153"
"1014","Males","Gas","2016","1.1","53","129"
"1015","Males","Gas","2017","1.2","48","146"
"1016","Males","Gas","2018","1","48","120"
"1017","Males","Gas","2019","0.9","53","117"
"1018","Males","Hanging","1907","5.4933192",". .","71"
"1019","Males","Hanging","1908","4.24527",". .","68"
"1020","Males","Hanging","1909","4.3683581",". .","67"
"1021","Males","Hanging","1910","4.803571",". .","72"
"1022","Males","Hanging","1911","3.8020789",". .","69"
"1023","Males","Hanging","1912","4.5257484",". .","79"
"1024","Males","Hanging","1913","4.9283369",". .","79"
"1025","Males","Hanging","1914","4.0183804",". .","72"
"1026","Males","Hanging","1915","5.7884949",". .","84"
"1027","Males","Hanging","1916","4.1557688",". .","74"
"1028","Males","Hanging","1917","2.4480335",". .","48"
"1029","Males","Hanging","1918","3.0893816",". .","56"
"1030","Males","Hanging","1919","3.2246107",". .","60"
"1031","Males","Hanging","1920","3.7943127",". .","64"
"1032","Males","Hanging","1921","3.0390327",". .","68"
"1033","Males","Hanging","1922","3.3670482",". .","70"
"1034","Males","Hanging","1923","3.564907",". .","75"
"1035","Males","Hanging","1924","3.3938134",". .","80"
"1036","Males","Hanging","1925","3.9832203",". .","86"
"1037","Males","Hanging","1926","3.8523105",". .","81"
"1038","Males","Hanging","1927","4.0470341",". .","92"
"1039","Males","Hanging","1928","4.5947957",". .","99"
"1040","Males","Hanging","1929","3.5787806",". .","93"
"1041","Males","Hanging","1930","3.6981392",". .","99"
"1042","Males","Hanging","1931","3.7391267",". .","94"
"1043","Males","Hanging","1932","3.1505742",". .","83"
"1044","Males","Hanging","1933","3.3351029",". .","87"
"1045","Males","Hanging","1934","2.6850866",". .","73"
"1046","Males","Hanging","1935","2.8777514",". .","81"
"1047","Males","Hanging","1936","3.1343433",". .","75"
"1048","Males","Hanging","1937","2.114728",". .","62"
"1049","Males","Hanging","1938","2.5672011",". .","72"
"1050","Males","Hanging","1939","3.5755769",". .","108"
"1051","Males","Hanging","1940","2.8321559",". .","81"
"1052","Males","Hanging","1941","2.049861",". .","60"
"1053","Males","Hanging","1942","2.2433604",". .","71"
"1054","Males","Hanging","1943","2.4269437",". .","71"
"1055","Males","Hanging","1944","2.3385654",". .","72"
"1056","Males","Hanging","1945","2.3350672",". .","71"
"1057","Males","Hanging","1946","2.6269944",". .","86"
"1058","Males","Hanging","1947","3.6014452",". .","111"
"1059","Males","Hanging","1948","3.972742",". .","131"
"1060","Males","Hanging","1949","3.2969083",". .","107"
"1061","Males","Hanging","1950","3.4895815",". .","126"
"1062","Males","Hanging","1951","3.2156846",". .","118"
"1063","Males","Hanging","1952","3.376337",". .","125"
"1064","Males","Hanging","1953","3.3905601",". .","128"
"1065","Males","Hanging","1954","3.7404613",". .","141"
"1066","Males","Hanging","1955","3.6322264",". .","137"
"1067","Males","Hanging","1956","2.7734039",". .","114"
"1068","Males","Hanging","1957","4.4279917",". .","178"
"1069","Males","Hanging","1958","4.0748924",". .","168"
"1070","Males","Hanging","1959","3.4745968",". .","144"
"1071","Males","Hanging","1960","2.8173306",". .","123"
"1072","Males","Hanging","1961","3.3660686",". .","145"
"1073","Males","Hanging","1962","3.6599566",". .","158"
"1074","Males","Hanging","1963","2.616238",". .","117"
"1075","Males","Hanging","1964","3.1829472","51","142"
"1076","Males","Hanging","1965","2.9063057","51","137"
"1077","Males","Hanging","1966","2.826581","52","131"
"1078","Males","Hanging","1967","2.508955","48","120"
"1079","Males","Hanging","1968","2.5162292","51","127"
"1080","Males","Hanging","1969","2.5937599","50","123"
"1081","Males","Hanging","1970","2.5405128","48","133"
"1082","Males","Hanging","1971","2.8268298","44","156"
"1083","Males","Hanging","1972","2.8130165","46","148"
"1084","Males","Hanging","1973","2.282777","46","129"
"1085","Males","Hanging","1974","2.8450957","48","159"
"1086","Males","Hanging","1975","2.7780662","44","168"
"1087","Males","Hanging","1976","2.9187259","47","178"
"1088","Males","Hanging","1977","3.3229319","46","186"
"1089","Males","Hanging","1978","2.8554541","45.5","166"
"1090","Males","Hanging","1979","2.6953303","42","170"
"1091","Males","Hanging","1980","2.445393","41.5","157"
"1092","Males","Hanging","1981","3.2758843","40","222"
"1093","Males","Hanging","1982","3.6155943","44","248"
"1094","Males","Hanging","1983","3.578939","45.5","244"
"1095","Males","Hanging","1984","3.2887181","41","231"
"1096","Males","Hanging","1985","3.4008808","35","252"
"1097","Males","Hanging","1986","3.686011","39","282"
"1098","Males","Hanging","1987","5.3449812","36","414"
"1099","Males","Hanging","1988","5.4398848","34","424"
"1100","Males","Hanging","1989","5.7490807","35","467"
"1101","Males","Hanging","1990","5.5951442","34","460"
"1102","Males","Hanging","1991","5.6939034","35","479"
"1103","Males","Hanging","1992","5.7911288","34","496"
"1104","Males","Hanging","1993","5.771986","32","507"
"1105","Males","Hanging","1994","6.0758727","34","532"
"1106","Males","Hanging","1995","6.5539708","34","585"
"1107","Males","Hanging","1996","7.4356289","35","672"
"1108","Males","Hanging","1997","8.8208374","32","812"
"1109","Males","Hanging","1998","11.097097","33","1035"
"1110","Males","Hanging","1999","9.3771105","34","868"
"1111","Males","Hanging","2000","8.5699702","34","807"
"1112","Males","Hanging","2001","8.9905297","35","855"
"1113","Males","Hanging","2002","8.8345488","36","846"
"1114","Males","Hanging","2003","8.4367202","36","820"
"1115","Males","Hanging","2004","8.4016684","38","822"
"1116","Males","Hanging","2005","8.8935534","37","885"
"1117","Males","Hanging","2006","8.6242657","39","872"
"1118","Males","Hanging","2007","9.0813142","37","934"
"1119","Males","Hanging","2008","9.4990647","40","998"
"1120","Males","Hanging","2009","9.019052","41","969"
"1121","Males","Hanging","2010","10.240553","41","1119"
"1122","Males","Hanging","2011","9.4745157","38.5","1054"
"1123","Males","Hanging","2012","9.6243947","40","1084"
"1124","Males","Hanging","2013","9.6945206","41","1115"
"1125","Males","Hanging","2014","11.061309","41","1285"
"1126","Males","Hanging","2015","11.498128","41","1348"
"1127","Males","Hanging","2016","10.5","39","1251"
"1128","Males","Hanging","2017","12.4","41","1495"
"1129","Males","Hanging","2018","12.1","40","1492"
"1130","Males","Hanging","2019","12.5","41","1553"
"1131","Males","Other mechanisms","1907",". .",". .",". ."
"1132","Males","Other mechanisms","1908",". .",". .",". ."
"1133","Males","Other mechanisms","1909",". .",". .",". ."
"1134","Males","Other mechanisms","1910",". .",". .",". ."
"1135","Males","Other mechanisms","1911",". .",". .",". ."
"1136","Males","Other mechanisms","1912",". .",". .",". ."
"1137","Males","Other mechanisms","1913",". .",". .",". ."
"1138","Males","Other mechanisms","1914",". .",". .",". ."
"1139","Males","Other mechanisms","1915",". .",". .",". ."
"1140","Males","Other mechanisms","1916",". .",". .",". ."
"1141","Males","Other mechanisms","1917",". .",". .",". ."
"1142","Males","Other mechanisms","1918",". .",". .",". ."
"1143","Males","Other mechanisms","1919",". .",". .",". ."
"1144","Males","Other mechanisms","1920",". .",". .",". ."
"1145","Males","Other mechanisms","1921",". .",". .",". ."
"1146","Males","Other mechanisms","1922",". .",". .",". ."
"1147","Males","Other mechanisms","1923",". .",". .",". ."
"1148","Males","Other mechanisms","1924",". .",". .",". ."
"1149","Males","Other mechanisms","1925",". .",". .",". ."
"1150","Males","Other mechanisms","1926",". .",". .",". ."
"1151","Males","Other mechanisms","1927",". .",". .",". ."
"1152","Males","Other mechanisms","1928",". .",". .",". ."
"1153","Males","Other mechanisms","1929",". .",". .",". ."
"1154","Males","Other mechanisms","1930",". .",". .",". ."
"1155","Males","Other mechanisms","1931",". .",". .",". ."
"1156","Males","Other mechanisms","1932",". .",". .",". ."
"1157","Males","Other mechanisms","1933",". .",". .",". ."
"1158","Males","Other mechanisms","1934",". .",". .",". ."
"1159","Males","Other mechanisms","1935",". .",". .",". ."
"1160","Males","Other mechanisms","1936",". .",". .",". ."
"1161","Males","Other mechanisms","1937",". .",". .",". ."
"1162","Males","Other mechanisms","1938",". .",". .",". ."
"1163","Males","Other mechanisms","1939",". .",". .",". ."
"1164","Males","Other mechanisms","1940",". .",". .",". ."
"1165","Males","Other mechanisms","1941",". .",". .",". ."
"1166","Males","Other mechanisms","1942",". .",". .",". ."
"1167","Males","Other mechanisms","1943",". .",". .",". ."
"1168","Males","Other mechanisms","1944",". .",". .",". ."
"1169","Males","Other mechanisms","1945",". .",". .",". ."
"1170","Males","Other mechanisms","1946",". .",". .",". ."
"1171","Males","Other mechanisms","1947",". .",". .",". ."
"1172","Males","Other mechanisms","1948",". .",". .",". ."
"1173","Males","Other mechanisms","1949",". .",". .",". ."
"1174","Males","Other mechanisms","1950",". .",". .",". ."
"1175","Males","Other mechanisms","1951",". .",". .",". ."
"1176","Males","Other mechanisms","1952",". .",". .",". ."
"1177","Males","Other mechanisms","1953",". .",". .",". ."
"1178","Males","Other mechanisms","1954",". .",". .",". ."
"1179","Males","Other mechanisms","1955",". .",". .",". ."
"1180","Males","Other mechanisms","1956",". .",". .",". ."
"1181","Males","Other mechanisms","1957",". .",". .",". ."
"1182","Males","Other mechanisms","1958",". .",". .",". ."
"1183","Males","Other mechanisms","1959",". .",". .",". ."
"1184","Males","Other mechanisms","1960",". .",". .",". ."
"1185","Males","Other mechanisms","1961",". .",". .",". ."
"1186","Males","Other mechanisms","1962",". .",". .",". ."
"1187","Males","Other mechanisms","1963",". .",". .",". ."
"1188","Males","Other mechanisms","1964","2.7946222","52","115"
"1189","Males","Other mechanisms","1965","2.6353937","51","125"
"1190","Males","Other mechanisms","1966","2.4226102","56.5","101"
"1191","Males","Other mechanisms","1967","2.4668905","54","113"
"1192","Males","Other mechanisms","1968","2.2999914","55","98"
"1193","Males","Other mechanisms","1969","2.3250132","47.5","106"
"1194","Males","Other mechanisms","1970","2.4156952","53","109"
"1195","Males","Other mechanisms","1971","2.6643161","48","133"
"1196","Males","Other mechanisms","1972","1.9752063","52","100"
"1197","Males","Other mechanisms","1973","2.1792532","49","117"
"1198","Males","Other mechanisms","1974","2.338277","52.5","126"
"1199","Males","Other mechanisms","1975","2.271594","48","127"
"1200","Males","Other mechanisms","1976","2.3068541","38","139"
"1201","Males","Other mechanisms","1977","2.5259719","46.5","155"
"1202","Males","Other mechanisms","1978","2.0038224","39","128"
"1203","Males","Other mechanisms","1979","2.1504003","40","141"
"1204","Males","Other mechanisms","1980","2.3541542","45","147"
"1205","Males","Other mechanisms","1981","2.8455886","44","172"
"1206","Males","Other mechanisms","1982","2.7351913","43","177"
"1207","Males","Other mechanisms","1983","2.8966351","42","193"
"1208","Males","Other mechanisms","1984","2.2229922","40","161"
"1209","Males","Other mechanisms","1985","2.6567854","42","189"
"1210","Males","Other mechanisms","1986","2.7070561","39","198"
"1211","Males","Other mechanisms","1987","2.9521488","40","223"
"1212","Males","Other mechanisms","1988","3.0703918","39","240"
"1213","Males","Other mechanisms","1989","2.8175391","38","224"
"1214","Males","Other mechanisms","1990","2.6172907","38","208"
"1215","Males","Other mechanisms","1991","2.7373878","36","225"
"1216","Males","Other mechanisms","1992","2.6966197","40","229"
"1217","Males","Other mechanisms","1993","2.7245538","38.5","232"
"1218","Males","Other mechanisms","1994","3.2975415","37","285"
"1219","Males","Other mechanisms","1995","3.0894861","35","273"
"1220","Males","Other mechanisms","1996","2.6706721","33","241"
"1221","Males","Other mechanisms","1997","3.4915178","35","309"
"1222","Males","Other mechanisms","1998","2.6948891","40","241"
"1223","Males","Other mechanisms","1999","2.4641194","38","227"
"1224","Males","Other mechanisms","2000","2.4532177","39","228"
"1225","Males","Other mechanisms","2001","2.7719613","38","261"
"1226","Males","Other mechanisms","2002","2.5765089","37","246"
"1227","Males","Other mechanisms","2003","2.5267239","40","244"
"1228","Males","Other mechanisms","2004","2.2057291","41","217"
"1229","Males","Other mechanisms","2005","2.2369983","42","223"
"1230","Males","Other mechanisms","2006","2.2634836","43","229"
"1231","Males","Other mechanisms","2007","2.3066541","44","237"
"1232","Males","Other mechanisms","2008","2.7138957","42","289"
"1233","Males","Other mechanisms","2009","2.3538687","42","254"
"1234","Males","Other mechanisms","2010","2.637793","43","289"
"1235","Males","Other mechanisms","2011","2.3963229","45","269"
"1236","Males","Other mechanisms","2012","2.5747177","44","295"
"1237","Males","Other mechanisms","2013","2.8406605","43","330"
"1238","Males","Other mechanisms","2014","3.0004648","44","353"
"1239","Males","Other mechanisms","2015","3.1055516","45","374"
"1240","Males","Other mechanisms","2016","3.1","43","380"
"1241","Males","Other mechanisms","2017","3.1","45","387"
"1242","Males","Other mechanisms","2018","3","45","375"
"1243","Males","Other mechanisms","2019","3.2","45","410"
"1244","Males","Poisons (excl. gas)","1907","4.1319335",". .","57"
"1245","Males","Poisons (excl. gas)","1908","5.8167318",". .","88"
"1246","Males","Poisons (excl. gas)","1909","4.426473",". .","70"
"1247","Males","Poisons (excl. gas)","1910","4.438191",". .","79"
"1248","Males","Poisons (excl. gas)","1911","5.6685855",". .","93"
"1249","Males","Poisons (excl. gas)","1912","6.8577849",". .","128"
"1250","Males","Poisons (excl. gas)","1913","6.6026032",". .","127"
"1251","Males","Poisons (excl. gas)","1914","6.2822376",". .","121"
"1252","Males","Poisons (excl. gas)","1915","5.3032261",". .","105"
"1253","Males","Poisons (excl. gas)","1916","3.9915871",". .","77"
"1254","Males","Poisons (excl. gas)","1917","4.0714939",". .","79"
"1255","Males","Poisons (excl. gas)","1918","3.0529458",". .","57"
"1256","Males","Poisons (excl. gas)","1919","4.1739303",". .","86"
"1257","Males","Poisons (excl. gas)","1920","4.4637051",". .","93"
"1258","Males","Poisons (excl. gas)","1921","4.0377713",". .","95"
"1259","Males","Poisons (excl. gas)","1922","3.8475954",". .","91"
"1260","Males","Poisons (excl. gas)","1923","4.5794816",". .","115"
"1261","Males","Poisons (excl. gas)","1924","4.2603039",". .","104"
"1262","Males","Poisons (excl. gas)","1925","5.2461254",". .","114"
"1263","Males","Poisons (excl. gas)","1926","5.241633",". .","129"
"1264","Males","Poisons (excl. gas)","1927","5.446352",". .","141"
"1265","Males","Poisons (excl. gas)","1928","6.3360732",". .","160"
"1266","Males","Poisons (excl. gas)","1929","5.4124805",". .","152"
"1267","Males","Poisons (excl. gas)","1930","7.2311045",". .","197"
"1268","Males","Poisons (excl. gas)","1931","5.6130278",". .","148"
"1269","Males","Poisons (excl. gas)","1932","4.6007417",". .","127"
"1270","Males","Poisons (excl. gas)","1933","4.4527893",". .","129"
"1271","Males","Poisons (excl. gas)","1934","5.2321375",". .","144"
"1272","Males","Poisons (excl. gas)","1935","5.5549255",". .","147"
"1273","Males","Poisons (excl. gas)","1936","4.0674986",". .","118"
"1274","Males","Poisons (excl. gas)","1937","3.6966394",". .","112"
"1275","Males","Poisons (excl. gas)","1938","3.4359889",". .","103"
"1276","Males","Poisons (excl. gas)","1939","3.8588097",". .","118"
"1277","Males","Poisons (excl. gas)","1940","3.5289393",". .","112"
"1278","Males","Poisons (excl. gas)","1941","2.3261961",". .","75"
"1279","Males","Poisons (excl. gas)","1942","1.761714",". .","57"
"1280","Males","Poisons (excl. gas)","1943","1.7135044",". .","52"
"1281","Males","Poisons (excl. gas)","1944","1.6007883",". .","51"
"1282","Males","Poisons (excl. gas)","1945","2.0472177",". .","69"
"1283","Males","Poisons (excl. gas)","1946","2.6939827",". .","90"
"1284","Males","Poisons (excl. gas)","1947","2.2541554",". .","72"
"1285","Males","Poisons (excl. gas)","1948","3.0562491",". .","99"
"1286","Males","Poisons (excl. gas)","1949","2.7415283",". .","98"
"1287","Males","Poisons (excl. gas)","1950","3.0147664",". .","101"
"1288","Males","Poisons (excl. gas)","1951","2.5522261",". .","96"
"1289","Males","Poisons (excl. gas)","1952","2.7228284",". .","104"
"1290","Males","Poisons (excl. gas)","1953","3.0222165",". .","119"
"1291","Males","Poisons (excl. gas)","1954","2.5694323",". .","103"
"1292","Males","Poisons (excl. gas)","1955","2.1911731",". .","89"
"1293","Males","Poisons (excl. gas)","1956","3.0809555",". .","126"
"1294","Males","Poisons (excl. gas)","1957","3.6185112",". .","154"
"1295","Males","Poisons (excl. gas)","1958","3.7031572",". .","159"
"1296","Males","Poisons (excl. gas)","1959","3.49699",". .","153"
"1297","Males","Poisons (excl. gas)","1960","3.5302516",". .","154"
"1298","Males","Poisons (excl. gas)","1961","4.4278561",". .","200"
"1299","Males","Poisons (excl. gas)","1962","5.5245984",". .","261"
"1300","Males","Poisons (excl. gas)","1963","8.2116475",". .","384"
"1301","Males","Poisons (excl. gas)","1964","6.5138924","44","312"
"1302","Males","Poisons (excl. gas)","1965","7.3141082","45","354"
"1303","Males","Poisons (excl. gas)","1966","6.4925642","45","328"
"1304","Males","Poisons (excl. gas)","1967","7.2699148","43.5","370"
"1305","Males","Poisons (excl. gas)","1968","5.8622225","47","301"
"1306","Males","Poisons (excl. gas)","1969","5.9248629","44.5","314"
"1307","Males","Poisons (excl. gas)","1970","5.5459075","45","297"
"1308","Males","Poisons (excl. gas)","1971","5.6745371","45","315"
"1309","Males","Poisons (excl. gas)","1972","4.8526999","45","279"
"1310","Males","Poisons (excl. gas)","1973","4.1706339","45","239"
"1311","Males","Poisons (excl. gas)","1974","3.8124377","46","230"
"1312","Males","Poisons (excl. gas)","1975","3.8970861","46.5","228"
"1313","Males","Poisons (excl. gas)","1976","3.4271871","44","204"
"1314","Males","Poisons (excl. gas)","1977","2.8719377","42","183"
"1315","Males","Poisons (excl. gas)","1978","3.4964442","40","223"
"1316","Males","Poisons (excl. gas)","1979","3.5721906","39","235"
"1317","Males","Poisons (excl. gas)","1980","3.2438415","39","217"
"1318","Males","Poisons (excl. gas)","1981","3.0062967","42","199"
"1319","Males","Poisons (excl. gas)","1982","2.4451124","38","176"
"1320","Males","Poisons (excl. gas)","1983","2.5638645","41","179"
"1321","Males","Poisons (excl. gas)","1984","2.8373937","39","209"
"1322","Males","Poisons (excl. gas)","1985","2.5442805","37","188"
"1323","Males","Poisons (excl. gas)","1986","2.4502675","35","187"
"1324","Males","Poisons (excl. gas)","1987","3.0822241","40","228"
"1325","Males","Poisons (excl. gas)","1988","2.6857485","37","211"
"1326","Males","Poisons (excl. gas)","1989","2.2886924","38","181"
"1327","Males","Poisons (excl. gas)","1990","2.6271045","36","224"
"1328","Males","Poisons (excl. gas)","1991","2.9278365","40","242"
"1329","Males","Poisons (excl. gas)","1992","2.5203879","39","212"
"1330","Males","Poisons (excl. gas)","1993","2.0915379","41","177"
"1331","Males","Poisons (excl. gas)","1994","2.524301","39","219"
"1332","Males","Poisons (excl. gas)","1995","2.5362965","40","222"
"1333","Males","Poisons (excl. gas)","1996","2.2326843","40","199"
"1334","Males","Poisons (excl. gas)","1997","2.0990379","38","190"
"1335","Males","Poisons (excl. gas)","1998","1.9253531","38.5","178"
"1336","Males","Poisons (excl. gas)","1999","1.9535146","43","177"
"1337","Males","Poisons (excl. gas)","2000","1.8759459","40","175"
"1338","Males","Poisons (excl. gas)","2001","1.8619433","44","175"
"1339","Males","Poisons (excl. gas)","2002","1.8216735","41","172"
"1340","Males","Poisons (excl. gas)","2003","1.755333","44","171"
"1341","Males","Poisons (excl. gas)","2004","1.4994778","43","146"
"1342","Males","Poisons (excl. gas)","2005","1.382339","46","136"
"1343","Males","Poisons (excl. gas)","2006","1.175087","49","120"
"1344","Males","Poisons (excl. gas)","2007","1.3929875","48","144"
"1345","Males","Poisons (excl. gas)","2008","1.69104","46","178"
"1346","Males","Poisons (excl. gas)","2009","1.6999655","51","187"
"1347","Males","Poisons (excl. gas)","2010","1.4384375","50","159"
"1348","Males","Poisons (excl. gas)","2011","1.6591502","49","187"
"1349","Males","Poisons (excl. gas)","2012","1.9536043","49","222"
"1350","Males","Poisons (excl. gas)","2013","1.6267178","48","188"
"1351","Males","Poisons (excl. gas)","2014","2.0656805","49","244"
"1352","Males","Poisons (excl. gas)","2015","2.2627063","50","272"
"1353","Males","Poisons (excl. gas)","2016","1.9","53","236"
"1354","Males","Poisons (excl. gas)","2017","2.1","54","261"
"1355","Males","Poisons (excl. gas)","2018","1.8","53","236"
"1356","Males","Poisons (excl. gas)","2019","1.9","49","250"
